corridor,hour,share,expected_crashes
EDSA,0,0.014814814814814815,50.00837037037037
EDSA,1,0.007037037037037037,23.753975925925925
EDSA,2,0.003148148148148148,10.626778703703703
EDSA,3,0.003148148148148148,10.626778703703703
EDSA,4,0.013333333333333334,45.007533333333335
EDSA,5,0.028888888888888888,97.51632222222221
EDSA,6,0.052222222222222225,176.27950555555557
EDSA,7,0.07740740740740741,261.2937351851852
EDSA,8,0.07277777777777777,245.66611944444443
EDSA,9,0.06666666666666667,225.03766666666667
EDSA,10,0.05740740740740741,193.7824351851852
EDSA,11,0.05462962962962963,184.40586574074075
EDSA,12,0.049074074074074076,165.65272685185187
EDSA,13,0.030555555555555555,103.14226388888889
EDSA,14,0.05388888888888889,181.90544722222222
EDSA,15,0.06888888888888889,232.53892222222223
EDSA,16,0.06592592592592593,222.53724814814817
EDSA,17,0.05407407407407407,182.53055185185184
EDSA,18,0.04962962962962963,167.52804074074075
EDSA,19,0.05148148148148148,173.77908703703704
EDSA,20,0.04055555555555555,136.8979138888889
EDSA,21,0.025,84.389125
EDSA,22,0.03222222222222222,108.76820555555555
EDSA,23,0.02722222222222222,91.89038055555555
C5,0,0.005995203836930456,7.999928057553956
C5,1,0.002997601918465228,3.999964028776978
C5,2,0.00539568345323741,7.1999352517985615
C5,3,0.002997601918465228,3.999964028776978
C5,4,0.00539568345323741,7.1999352517985615
C5,5,0.011390887290167866,15.199863309352518
C5,6,0.03597122302158273,47.99956834532374
C5,7,0.0683453237410072,91.19917985611511
C5,8,0.07733812949640288,103.19907194244604
C5,9,0.05995203836930456,79.99928057553957
C5,10,0.050959232613908875,67.99938848920863
C5,11,0.0749400479616307,99.99910071942446
C5,12,0.05275779376498801,70.39936690647481
C5,13,0.03657074340527578,48.79956115107914
C5,14,0.06594724220623502,87.99920863309353
C5,15,0.10731414868105515,143.19871223021582
C5,16,0.09172661870503597,122.39889928057553
C5,17,0.050959232613908875,67.99938848920863
C5,18,0.045563549160671464,60.79945323741007
C5,19,0.0407673860911271,54.39951079136691
C5,20,0.044964028776978415,59.99946043165467
C5,21,0.03717026378896882,49.59955395683453
C5,22,0.010191846522781775,13.599877697841727
C5,23,0.014388489208633094,19.199827338129495
