corridor,scenario,volume_change,elasticity,trend,mean,median,p05,p95,sd
EDSA,baseline,0.0,0.8,frozen,3364.382,3331.0,2505.1,4387.05,562.7075793837292
EDSA,plus_10,0.1,0.8,frozen,3639.411,3618.0,2688.95,4706.05,607.667751468823
EDSA,plus_20,0.2,0.8,frozen,3883.738,3841.5,2895.9,5040.4,650.5077706805014
EDSA,plus_30,0.3,0.8,frozen,4204.976,4125.5,3082.6,5549.299999999999,730.2403141023785
C5,baseline,0.0,0.8,frozen,1371.108,1311.0,832.75,2089.2999999999997,391.7372773051225
C5,plus_10,0.1,0.8,frozen,1466.155,1386.0,893.0,2265.05,441.1696563008846
C5,plus_20,0.2,0.8,frozen,1588.817,1513.5,969.5500000000001,2427.1499999999996,454.232099604719
C5,plus_30,0.3,0.8,frozen,1656.102,1583.0,1003.8,2525.0,456.0848616178759
EDSA,baseline,0.0,1.0,frozen,3375.565,3311.0,2558.55,4427.349999999999,560.4228292303255
EDSA,plus_10,0.1,1.0,frozen,3777.896,3712.0,2804.9,4965.15,654.3205074812423
EDSA,plus_20,0.2,1.0,frozen,4060.948,4031.0,3062.8,5243.599999999999,663.7708980522581
EDSA,plus_30,0.3,1.0,frozen,4411.105,4349.0,3261.85,5761.25,727.1391361344115
C5,baseline,0.0,1.0,frozen,1334.388,1270.5,835.95,2017.5499999999995,371.7867087629853
C5,plus_10,0.1,1.0,frozen,1469.715,1420.0,900.9,2274.749999999999,419.6017938956415
C5,plus_20,0.2,1.0,frozen,1633.181,1574.0,989.75,2486.0,467.95614665713515
C5,plus_30,0.3,1.0,frozen,1766.04,1674.5,1090.95,2698.7999999999993,510.8057859411451
EDSA,baseline,0.0,1.2,frozen,3378.511,3346.5,2533.9,4400.15,561.125367058518
EDSA,plus_10,0.1,1.2,frozen,3827.632,3784.0,2869.9,5021.499999999998,651.1691453315581
EDSA,plus_20,0.2,1.2,frozen,4209.326,4156.5,3154.7,5420.599999999999,695.8683485275662
EDSA,plus_30,0.3,1.2,frozen,4637.722,4598.0,3465.75,6009.05,796.3149202219987
C5,baseline,0.0,1.2,frozen,1353.481,1310.5,804.95,2063.749999999999,378.23319524995287
C5,plus_10,0.1,1.2,frozen,1506.182,1441.5,913.0,2321.45,442.5812321179277
C5,plus_20,0.2,1.2,frozen,1705.142,1631.5,1028.8,2582.1,492.5059776022764
C5,plus_30,0.3,1.2,frozen,1860.344,1819.0,1143.8,2771.0,505.88342105637315
EDSA,baseline,0.0,0.8,continued,3074.47,3002.0,2157.9,4266.15,634.3619646559858
EDSA,plus_10,0.1,0.8,continued,3333.499,3245.0,2303.5,4674.5,731.9479037013035
EDSA,plus_20,0.2,0.8,continued,3559.522,3458.0,2470.0,4960.2,766.2629394720904
EDSA,plus_30,0.3,0.8,continued,3804.206,3704.0,2662.65,5330.299999999999,801.7229853941506
C5,baseline,0.0,0.8,continued,1605.479,1538.0,811.95,2684.3499999999995,573.5845995595173
C5,plus_10,0.1,0.8,continued,1740.598,1611.5,925.9,2937.4999999999995,630.7647521608739
C5,plus_20,0.2,0.8,continued,1836.801,1705.0,950.65,3082.1499999999996,692.2193055426626
C5,plus_30,0.3,0.8,continued,1981.561,1897.5,1044.95,3402.05,693.5713254326929
EDSA,baseline,0.0,1.0,continued,3047.444,2992.0,2101.9,4195.049999999999,653.9383780344034
EDSA,plus_10,0.1,1.0,continued,3401.797,3335.0,2362.8,4792.799999999999,754.9826916265404
EDSA,plus_20,0.2,1.0,continued,3739.617,3645.5,2655.95,5140.349999999998,759.1051699006996
EDSA,plus_30,0.3,1.0,continued,3998.749,3925.0,2710.45,5518.15,859.4330614923923
C5,baseline,0.0,1.0,continued,1599.369,1514.5,807.95,2705.05,586.3648032765282
C5,plus_10,0.1,1.0,continued,1750.623,1602.5,908.0,3020.05,666.7191532424281
C5,plus_20,0.2,1.0,continued,1923.822,1780.5,1001.8,3304.2,748.0193481864364
C5,plus_30,0.3,1.0,continued,2082.296,1927.5,1067.15,3570.949999999998,790.2993175977033
EDSA,baseline,0.0,1.2,continued,3072.89,3023.5,2133.45,4252.05,658.4964871003667
EDSA,plus_10,0.1,1.2,continued,3442.635,3344.5,2365.0,4878.15,754.400717269819
EDSA,plus_20,0.2,1.2,continued,3842.374,3746.0,2644.0,5292.4,835.6373004012099
EDSA,plus_30,0.3,1.2,continued,4183.177,4060.0,2880.85,5869.249999999999,915.329250766252
C5,baseline,0.0,1.2,continued,1597.497,1530.0,814.95,2735.6999999999994,614.1881381629412
C5,plus_10,0.1,1.2,continued,1813.977,1704.5,937.5,3057.999999999998,662.1339440255505
C5,plus_20,0.2,1.2,continued,2001.312,1883.5,1056.7,3399.899999999999,756.5075070772691
C5,plus_30,0.3,1.2,continued,2210.975,2069.0,1172.95,3676.899999999999,796.997036789756
