Year,c5_aadt,edsa_aadt,c5_exposure,edsa_exposure,edsa_c5_ratio,is_covid_year,in_model_window
2014,178429.0,360417.0,65126585.0,131552205.0,2.02,False,False
2015,194119.0,367675.0,70853435.0,134201375.0,1.894,False,False
2016,218155.0,364781.0,79626575.0,133145065.0,1.672,False,False
2017,218751.0,367728.0,79844115.0,134220720.0,1.681,False,False
2018,235744.0,383828.0,86046560.0,140097220.0,1.628,False,True
2019,236060.0,405882.0,86161900.0,148146930.0,1.719,False,True
2020,192418.0,328114.0,70232570.0,119761610.0,1.705,True,True
2021,212285.0,372271.0,77484025.0,135878915.0,1.754,True,False
2022,211819.0,385096.0,77313935.0,140560040.0,1.818,False,False
2023,238695.0,407342.0,87123675.0,148679830.0,1.707,False,False
2024,250762.0,419952.0,91528130.0,153282480.0,1.675,False,False
2025,225885.0,421728.0,82448025.0,153930720.0,1.867,False,False
