Year,CAR,PUJ,UV,TAXI,PUB,TRUCK,TRAILER,MC,TRICYCLE,TOTAL
2014,1721505.0,182310.0,,,38060.0,87646.0,15977.0,516508.0,13890.0,2575896.0
2015,1678955.0,163218.0,,,33724.0,80955.0,14635.0,575487.0,16840.0,2563814.0
2016,1688230.0,154801.0,,,31300.0,85278.0,21112.0,627302.0,20964.0,2628987.0
2017,1469664.0,135303.0,90980.0,142625.0,32647.0,91297.0,21840.0,697323.0,17372.0,2699051.0
2018,1509837.0,122574.0,83692.0,137486.0,35709.0,87198.0,22470.0,795128.0,17361.0,2811455.0
2019,1526667.0,135417.0,72168.0,129720.0,31620.0,86976.0,21553.0,1065807.0,18052.0,3087980.0
2020,1384674.0,75276.0,41064.0,130052.0,28968.0,82372.0,19247.0,1121225.0,18506.0,2901384.0
2021,1399242.0,73766.0,25805.0,130855.0,24693.0,84738.0,18477.0,1421642.0,18455.0,3197673.0
2022,1563069.0,100876.0,33639.0,125008.0,23412.0,74942.0,20030.0,1573729.0,21050.0,3535755.0
2023,1566322.0,95659.0,28345.0,106223.0,21107.0,87769.0,20765.0,1674646.0,33397.0,3634233.0
2024,1526108.0,125492.0,35038.0,87213.0,21107.0,93401.0,19111.0,1882864.0,25060.0,3815394.0
2025,1618314.0,101818.0,27971.0,66267.0,24746.0,88050.0,26353.0,1951496.0,35632.0,3939637.0
