Year,Code,Road,CAR,PUJ,UV,TAXI,PUB,TRUCK,TRAILER,MC,TRICYCLE,TOTAL,Road_raw,composition_era,total_calculated,total_delta,total_reconciles
2014,C:1,RECTO,23673.0,17956.0,,,259.0,816.0,382.0,15063.0,3682.0,61831.0,RECTO,pre_2017,61831.0,0.0,True
2014,C:2,MENDOZA,61144.0,104.0,,,217.0,4374.0,398.0,20199.0,633.0,87069.0,MENDOZA,pre_2017,87069.0,0.0,True
2014,C:2,PRES. QUIRINO AVE.,88806.0,158.0,,,180.0,7130.0,2398.0,25887.0,98.0,124657.0,PRES. QUIRINO,pre_2017,124657.0,0.0,True
2014,C:3,ARANETA AVE.,68009.0,1473.0,,,18.0,4291.0,796.0,21649.0,1124.0,97360.0,ARANETA AVE.,pre_2017,97360.0,0.0,True
2014,C:4,EDSA,284460.0,4864.0,,,14970.0,4417.0,1.0,51696.0,9.0,360417.0,EDSA (BUENDIA AVE.),pre_2017,360417.0,0.0,True
2014,C:5,C5,127594.0,812.0,,,194.0,10508.0,914.0,38401.0,6.0,178429.0,KATIPUNAN / C.P. GARCIA,pre_2017,178429.0,0.0,True
2014,R:1,ROXAS BLVD.,135948.0,90.0,,,751.0,391.0,0.0,31734.0,49.0,168963.0,ROXAS BLVD.,pre_2017,168963.0,0.0,True
2014,R:2,TAFT AVE.,50897.0,14930.0,,,1904.0,404.0,1.0,14935.0,392.0,83463.0,TAFT AVE.,pre_2017,83463.0,0.0,True
2014,R:3,SSH,97801.0,7085.0,,,6065.0,9484.0,807.0,22366.0,2.0,143610.0,SSH,pre_2017,143610.0,0.0,True
2014,R:4,SHAW BLVD.,57922.0,10756.0,,,50.0,1133.0,67.0,18115.0,14.0,88057.0,SHAW BLVD.,pre_2017,88057.0,0.0,True
2014,R:5,ORTIGAS AVE.,66079.0,18091.0,,,1003.0,4252.0,352.0,32979.0,521.0,123277.0,ORTIGAS AVE.,pre_2017,123277.0,0.0,True
2014,R:6,MAGSAYSAY BLVD.,55977.0,15292.0,,,429.0,2543.0,313.0,23155.0,1044.0,98763.0,MAGSAYSAY BLVD.,pre_2017,98753.0,10.0,False
2014,R:6,AURORA BLVD.,60873.0,16602.0,,,85.0,2290.0,27.0,22420.0,257.0,102554.0,AURORA BLVD.,pre_2017,102554.0,0.0,True
2014,R:7,QUEZON AVE.,140290.0,7163.0,,,1557.0,4061.0,570.0,29754.0,63.0,183458.0,QUEZON AVE.,pre_2017,183458.0,0.0,True
2014,R:7,COMMONWEALTH AVE.,158199.0,16508.0,,,5758.0,5356.0,217.0,46429.0,634.0,233101.0,COMMONWEALTH AVE.,pre_2017,233101.0,0.0,True
2014,R:8,A. BONIFACIO,51859.0,6299.0,,,1834.0,9230.0,3939.0,15644.0,1549.0,90354.0,A. BONIFACIO,pre_2017,90354.0,0.0,True
2014,R:9,RIZAL AVE.,25464.0,12075.0,,,304.0,1787.0,4.0,17749.0,1568.0,58951.0,RIZAL AVE.,pre_2017,58951.0,0.0,True
2014,R:10,DEL PAN,21326.0,1902.0,,,48.0,4974.0,3856.0,11737.0,1822.0,45665.0,DEL PAN,pre_2017,45665.0,0.0,True
2014,R:11,MARCOS HIGHWAY,109239.0,20718.0,,,166.0,6524.0,533.0,31650.0,153.0,168983.0,MARCOS HWY.,pre_2017,168983.0,0.0,True
2014,R:12,MCARTHUR HIGHWAY,35945.0,9432.0,,,2268.0,3681.0,402.0,24946.0,270.0,76944.0,MCARTHUR HWY.,pre_2017,76944.0,0.0,True
2015,C:1,RECTO,30216.0,15736.0,,,643.0,769.0,16.0,19220.0,3906.0,70506.0,RECTO,pre_2017,70506.0,0.0,True
2015,C:2,MENDOZA,63469.0,72.0,,,193.0,4007.0,506.0,22611.0,984.0,91842.0,MENDOZA,pre_2017,91842.0,0.0,True
2015,C:2,PRES. QUIRINO AVE.,76073.0,5019.0,,,173.0,6421.0,3070.0,28541.0,527.0,119824.0,PRES. QUIRINO,pre_2017,119824.0,0.0,True
2015,C:3,ARANETA AVE.,54670.0,2228.0,,,21.0,4393.0,528.0,25111.0,2769.0,89720.0,ARANETA AVE.,pre_2017,89720.0,0.0,True
2015,C:4,EDSA,284436.0,2944.0,,,14384.0,5451.0,8.0,60432.0,20.0,367675.0,EDSA (BUENDIA AVE),pre_2017,367675.0,0.0,True
2015,C:5,C5,134939.0,985.0,,,662.0,10458.0,922.0,46149.0,4.0,194119.0,KATIPUNAN / C.P. GARCIA,pre_2017,194119.0,0.0,True
2015,R:1,ROXAS BLVD.,138070.0,103.0,,,276.0,831.0,50.0,33827.0,38.0,173195.0,ROXAS BLVD.,pre_2017,173195.0,0.0,True
2015,R:2,TAFT AVE.,56378.0,15885.0,,,2992.0,650.0,15.0,14683.0,582.0,91185.0,TAFT AVE.,pre_2017,91185.0,0.0,True
2015,R:3,SSH,86552.0,3.0,,,779.0,7184.0,3921.0,28095.0,33.0,126567.0,SSH,pre_2017,126567.0,0.0,True
2015,R:4,SHAW BLVD.,58604.0,10262.0,,,74.0,1603.0,164.0,24525.0,4.0,95236.0,SHAW BLVD.,pre_2017,95236.0,0.0,True
2015,R:5,ORTIGAS AVE.,73293.0,9706.0,,,914.0,5039.0,428.0,32044.0,9.0,121433.0,ORTIGAS AVE.,pre_2017,121433.0,0.0,True
2015,R:6,MAGSAYSAY BLVD.,56971.0,13220.0,,,729.0,2228.0,429.0,25129.0,1107.0,99813.0,MAGSAYSAY BLVD.,pre_2017,99813.0,0.0,True
2015,R:6,AURORA BLVD.,55978.0,16592.0,,,73.0,2168.0,30.0,18168.0,697.0,93706.0,AURORA BLVD.,pre_2017,93706.0,0.0,True
2015,R:7,QUEZON AVE.,136358.0,8429.0,,,1400.0,4337.0,329.0,35347.0,121.0,186321.0,QUEZON AVE.,pre_2017,186321.0,0.0,True
2015,R:7,COMMONWEALTH AVE.,169329.0,17113.0,,,5877.0,6307.0,256.0,59423.0,890.0,259195.0,COMMONWEALTH AVE.,pre_2017,259195.0,0.0,True
2015,R:8,A. BONIFACIO,25880.0,4533.0,,,1524.0,6736.0,2867.0,14498.0,1859.0,57897.0,A. BONIFACIO,pre_2017,57897.0,0.0,True
2015,R:9,RIZAL AVE.,29017.0,13205.0,,,298.0,1948.0,7.0,23341.0,2579.0,70395.0,RIZAL AVE.,pre_2017,70395.0,0.0,True
2015,R:10,DEL PAN,,,,,,,,,,,DEL PAN,pre_2017,0.0,,False
2015,R:11,MARCOS HIGHWAY,112020.0,17171.0,,,95.0,6394.0,548.0,36609.0,178.0,173015.0,MARCOS HWY.,pre_2017,173015.0,0.0,True
2015,R:12,MCARTHUR HIGHWAY,36702.0,10012.0,,,2617.0,4031.0,541.0,27734.0,533.0,82170.0,MCARTHUR HWY.,pre_2017,82170.0,0.0,True
2016,C:1,RECTO,26154.0,13454.0,,,690.0,703.0,13.0,16882.0,5466.0,63362.0,RECTO,pre_2017,63362.0,0.0,True
2016,C:2,MENDOZA,51410.0,46.0,,,276.0,3462.0,265.0,21845.0,1247.0,78551.0,MENDOZA,pre_2017,78551.0,0.0,True
2016,C:2,PRES. QUIRINO AVE.,71317.0,7277.0,,,135.0,7075.0,2358.0,28669.0,651.0,117482.0,PRES. QUIRINO,pre_2017,117482.0,0.0,True
2016,C:3,ARANETA AVE.,43654.0,1998.0,,,23.0,4135.0,599.0,26081.0,2712.0,79202.0,ARANETA AVE.,pre_2017,79202.0,0.0,True
2016,C:4,EDSA,278657.0,2723.0,,,12081.0,5556.0,2.0,65757.0,5.0,364781.0,EDSA,pre_2017,364781.0,0.0,True
2016,C:5,C5,154037.0,950.0,,,373.0,12411.0,1101.0,49277.0,6.0,218155.0,KATIPUNAN / C.P. GARCIA,pre_2017,218155.0,0.0,True
2016,R:1,ROXAS BLVD.,133664.0,130.0,,,714.0,926.0,1137.0,38413.0,201.0,175185.0,ROXAS BLVD.,pre_2017,175185.0,0.0,True
2016,R:2,TAFT AVE.,54047.0,13069.0,,,3575.0,543.0,6.0,17518.0,1090.0,89848.0,TAFT AVE.,pre_2017,89848.0,0.0,True
2016,R:3,SSH,68844.0,0.0,,,795.0,5550.0,1633.0,23033.0,68.0,99923.0,SSH,pre_2017,99923.0,0.0,True
2016,R:4,SHAW BLVD.,63066.0,8532.0,,,2168.0,2732.0,175.0,27794.0,5.0,101307.0,SHAW BLVD.,pre_2017,104472.0,-3165.0,False
2016,R:5,ORTIGAS AVE.,88628.0,8734.0,,,53.0,1480.0,616.0,41958.0,623.0,153425.0,ORTIGAS AVE.,pre_2017,142092.0,11333.0,False
2016,R:6,MAGSAYSAY BLVD.,59550.0,15557.0,,,881.0,5162.0,491.0,24426.0,872.0,94779.0,MAGSAYSAY BLVD.,pre_2017,106939.0,-12160.0,False
2016,R:6,AURORA BLVD.,57070.0,5677.0,,,638.0,3125.0,37.0,20811.0,310.0,95595.0,AURORA BLVD.,pre_2017,87668.0,7927.0,False
2016,R:7,QUEZON AVE.,140311.0,14942.0,,,67.0,2358.0,163.0,31720.0,579.0,187111.0,QUEZON AVE.,pre_2017,190140.0,-3029.0,False
2016,R:7,COMMONWEALTH AVE.,181266.0,9056.0,,,1201.0,4081.0,271.0,60626.0,977.0,272255.0,COMMONWEALTH AVE.,pre_2017,257478.0,14777.0,False
2016,R:8,A. BONIFACIO,28739.0,16590.0,,,5688.0,6837.0,3221.0,12482.0,798.0,58014.0,A. BONIFACIO,pre_2017,74355.0,-16341.0,False
2016,R:9,RIZAL AVE.,29734.0,4888.0,,,1332.0,6554.0,7.0,28538.0,2000.0,76295.0,RIZAL AVE.,pre_2017,73053.0,3242.0,False
2016,R:10,DEL PAN,31211.0,13420.0,,,428.0,2168.0,8290.0,20181.0,2932.0,70012.0,DEL PAN,pre_2017,78630.0,-8618.0,False
2016,R:11,MARCOS HIGHWAY,95837.0,2356.0,,,53.0,4989.0,439.0,36259.0,129.0,153626.0,MARCOS HWY.,pre_2017,140062.0,13564.0,False
2016,R:12,MCARTHUR HIGHWAY,31034.0,15402.0,,,129.0,5431.0,288.0,35032.0,293.0,80079.0,MCARTHUR HWY.,pre_2017,87609.0,-7530.0,False
2017,C:1,RECTO,21366.0,13134.0,2172.0,4069.0,545.0,584.0,3.0,19551.0,3253.0,64677.0,RECTO,post_2017,64677.0,0.0,True
2017,C:2,MENDOZA,49430.0,56.0,519.0,5358.0,213.0,5102.0,731.0,21983.0,987.0,84379.0,MENDOZA,post_2017,84379.0,0.0,True
2017,C:2,PRES. QUIRINO AVE.,59647.0,1574.0,454.0,6852.0,99.0,5958.0,981.0,27686.0,1867.0,105118.0,PRES. QUIRINO AVE.,post_2017,105118.0,0.0,True
2017,C:3,ARANETA AVE.,40306.0,1945.0,14.0,4207.0,6.0,4163.0,607.0,26107.0,2675.0,80030.0,ARANETA AVE.,post_2017,80030.0,0.0,True
2017,C:4,EDSA,247527.0,2369.0,7229.0,20022.0,12283.0,8830.0,2.0,69438.0,28.0,367728.0,EDSA,post_2017,367728.0,0.0,True
2017,C:5,C5,133171.0,923.0,8442.0,7293.0,221.0,10121.0,680.0,57881.0,19.0,218751.0,KATIPUNAN / C.P. GARCIA,post_2017,218751.0,0.0,True
2017,R:1,ROXAS BLVD.,120524.0,42.0,7626.0,16660.0,2103.0,747.0,1111.0,42191.0,116.0,191120.0,ROXAS BLVD.,post_2017,191120.0,0.0,True
2017,R:2,TAFT AVE.,36558.0,12152.0,13236.0,5643.0,3749.0,640.0,10.0,18028.0,570.0,90586.0,TAFT AVE.,post_2017,90586.0,0.0,True
2017,R:3,SSH,65381.0,353.0,684.0,6650.0,892.0,5182.0,2376.0,21797.0,62.0,103377.0,SSH,post_2017,103377.0,0.0,True
2017,R:4,SHAW BLVD.,55632.0,6450.0,3496.0,4029.0,107.0,1054.0,126.0,30724.0,6.0,101624.0,SHAW BLVD.,post_2017,101624.0,0.0,True
2017,R:5,ORTIGAS AVE.,71102.0,12054.0,9344.0,3723.0,877.0,5029.0,681.0,50769.0,376.0,153955.0,ORTIGAS AVE.,post_2017,153955.0,0.0,True
2017,R:6,MAGSAYSAY BLVD.,56261.0,5952.0,59.0,6265.0,722.0,2859.0,336.0,28878.0,1241.0,102573.0,MAGSAYSAY BLVD.,post_2017,102573.0,0.0,True
2017,R:6,AURORA BLVD.,41620.0,14707.0,6701.0,5245.0,57.0,3674.0,712.0,25614.0,314.0,98644.0,AURORA BLVD.,post_2017,98644.0,0.0,True
2017,R:7,QUEZON AVE.,113905.0,6868.0,12791.0,15840.0,1217.0,3664.0,244.0,40759.0,47.0,195335.0,QUEZON AVE.,post_2017,195335.0,0.0,True
2017,R:7,COMMONWEALTH AVE.,139951.0,15687.0,13165.0,14400.0,5475.0,7822.0,518.0,74492.0,1210.0,272720.0,COMMONWEALTH AVE.,post_2017,272720.0,0.0,True
2017,R:8,A. BONIFACIO,28690.0,3695.0,222.0,908.0,1494.0,9278.0,3915.0,11938.0,650.0,60790.0,A. BONIFACIO,post_2017,60790.0,0.0,True
2017,R:9,RIZAL AVE.,32905.0,12546.0,83.0,2685.0,492.0,2012.0,3.0,29449.0,1565.0,81740.0,RIZAL AVE.,post_2017,81740.0,0.0,True
2017,R:10,DEL PAN,35955.0,1783.0,188.0,3538.0,73.0,5686.0,7886.0,23167.0,2011.0,80285.0,DEL PAN,post_2017,80287.0,-2.0,False
2017,R:11,MARCOS HIGHWAY,90287.0,14261.0,4532.0,5165.0,133.0,5684.0,412.0,42019.0,169.0,162662.0,MARCOS HIGHWAY,post_2017,162662.0,0.0,True
2017,R:12,MCARTHUR HIGHWAY,29446.0,8752.0,25.0,4073.0,1889.0,3208.0,506.0,34852.0,206.0,82957.0,MCARTHUR HIGHWAY,post_2017,82957.0,0.0,True
2018,C:1,RECTO,24537.0,10487.0,2262.0,3040.0,1489.0,558.0,7.0,21742.0,2692.0,66814.0,RECTO,post_2017,66814.0,0.0,True
2018,C:2,MENDOZA,56353.0,94.0,579.0,3582.0,190.0,5016.0,746.0,20673.0,1411.0,88644.0,MENDOZA,post_2017,88644.0,0.0,True
2018,C:2,PRES. QUIRINO AVE.,65444.0,1301.0,353.0,5111.0,113.0,6248.0,1043.0,27239.0,1740.0,108592.0,PRES. QUIRINO AVE.,post_2017,108592.0,0.0,True
2018,C:3,ARANETA AVE.,38740.0,1351.0,19.0,3604.0,10.0,4610.0,445.0,30289.0,2151.0,81219.0,ARANETA AVE.,post_2017,81219.0,0.0,True
2018,C:4,EDSA,251628.0,1940.0,6903.0,20871.0,13356.0,3027.0,6.0,86082.0,15.0,383828.0,EDSA,post_2017,383828.0,0.0,True
2018,C:5,C5,133427.0,1378.0,6886.0,6552.0,908.0,12624.0,790.0,73169.0,10.0,235744.0,C.P. GARCIA / KATIPUNAN / TANDANG SORA,post_2017,235744.0,0.0,True
2018,R:1,ROXAS BLVD.,129475.0,86.0,6366.0,16387.0,1782.0,992.0,2795.0,45199.0,405.0,203487.0,ROXAS BLVD.,post_2017,203487.0,0.0,True
2018,R:2,TAFT AVE.,37789.0,11974.0,10737.0,5644.0,4129.0,692.0,4.0,20338.0,459.0,91766.0,TAFT AVE.,post_2017,91766.0,0.0,True
2018,R:3,SSH,56104.0,39.0,384.0,4382.0,748.0,6807.0,2872.0,29545.0,28.0,100909.0,SSH,post_2017,100909.0,0.0,True
2018,R:4,SHAW BLVD.,52128.0,5801.0,3499.0,3684.0,69.0,1250.0,155.0,36486.0,5.0,103077.0,SHAW BLVD.,post_2017,103077.0,0.0,True
2018,R:5,ORTIGAS AVE.,79128.0,10674.0,8542.0,3946.0,1115.0,5515.0,638.0,64245.0,677.0,174480.0,ORTIGAS AVE.,post_2017,174480.0,0.0,True
2018,R:6,MAGSAYSAY BLVD.,59811.0,6089.0,159.0,4776.0,756.0,2821.0,412.0,37237.0,1666.0,113727.0,MAGSAYSAY BLVD.,post_2017,113727.0,0.0,True
2018,R:6,AURORA BLVD.,37881.0,14975.0,8361.0,6047.0,70.0,2027.0,38.0,33970.0,94.0,103463.0,AURORA BLVD.,post_2017,103463.0,0.0,True
2018,R:7,QUEZON AVE.,120080.0,6230.0,11712.0,16214.0,1397.0,4123.0,319.0,44462.0,67.0,204604.0,QUEZON AVE.,post_2017,204604.0,0.0,True
2018,R:7,COMMONWEALTH AVE.,131521.0,12447.0,12547.0,15878.0,5608.0,5905.0,381.0,60040.0,589.0,244916.0,COMMONWEALTH AVE.,post_2017,244916.0,0.0,True
2018,R:8,A. BONIFACIO,32136.0,2980.0,161.0,881.0,1408.0,8662.0,2695.0,14271.0,882.0,64076.0,A. BONIFACIO,post_2017,64076.0,0.0,True
2018,R:9,RIZAL AVE.,37404.0,11440.0,42.0,3062.0,370.0,2618.0,4.0,32959.0,1574.0,89473.0,RIZAL AVE.,post_2017,89473.0,0.0,True
2018,R:10,DEL PAN,32883.0,1738.0,153.0,2839.0,84.0,5416.0,8235.0,28426.0,2483.0,82257.0,DEL PAN,post_2017,82257.0,0.0,True
2018,R:11,MARCOS HIGHWAY,98705.0,13152.0,4006.0,6797.0,73.0,5351.0,369.0,49597.0,164.0,178214.0,MARCOS HIGHWAY,post_2017,178214.0,0.0,True
2018,R:12,MCARTHUR HIGHWAY,34663.0,8398.0,21.0,4189.0,2034.0,2936.0,516.0,39159.0,249.0,92165.0,MCARTHUR HIGHWAY,post_2017,92165.0,0.0,True
2019,C:1,RECTO,21909.0,10115.0,2109.0,2324.0,719.0,762.0,28.0,25439.0,2722.0,66127.0,RECTO,post_2017,66127.0,0.0,True
2019,C:2,MENDOZA,50045.0,59.0,295.0,3870.0,235.0,5592.0,877.0,28978.0,1328.0,91279.0,MENDOZA,post_2017,91279.0,0.0,True
2019,C:2,PRES. QUIRINO AVE.,63263.0,1329.0,391.0,3425.0,48.0,7591.0,1442.0,38103.0,1175.0,116767.0,PRES. QUIRINO AVE.,post_2017,116767.0,0.0,True
2019,C:3,ARANETA AVE.,42708.0,2172.0,2.0,3672.0,30.0,3718.0,697.0,36526.0,2908.0,92433.0,ARANETA AVE.,post_2017,92433.0,0.0,True
2019,C:4,EDSA,255732.0,2166.0,6285.0,18913.0,11313.0,1297.0,0.0,110167.0,9.0,405882.0,EDSA,post_2017,405882.0,0.0,True
2019,C:5,C5,124426.0,967.0,5421.0,4533.0,541.0,10175.0,960.0,88996.0,41.0,236060.0,C.P. GARCIA / KATIPUNAN / TANDANG SORA,post_2017,236060.0,0.0,True
2019,R:1,ROXAS BLVD.,121467.0,265.0,6885.0,13511.0,1530.0,975.0,3079.0,55657.0,213.0,203582.0,ROXAS BLVD.,post_2017,203582.0,0.0,True
2019,R:2,TAFT AVE.,39103.0,10491.0,9458.0,4584.0,3382.0,729.0,1.0,30948.0,1369.0,100065.0,TAFT AVE.,post_2017,100065.0,0.0,True
2019,R:3,SSH,72648.0,244.0,570.0,5728.0,763.0,7603.0,2716.0,40082.0,80.0,130434.0,SSH,post_2017,130434.0,0.0,True
2019,R:4,SHAW BLVD.,50205.0,5508.0,3180.0,3399.0,99.0,1362.0,91.0,41082.0,20.0,104946.0,SHAW BLVD.,post_2017,104946.0,0.0,True
2019,R:5,ORTIGAS AVE.,70603.0,11167.0,8351.0,2790.0,1790.0,3986.0,418.0,81171.0,461.0,180737.0,ORTIGAS AVE.,post_2017,180737.0,0.0,True
2019,R:6,MAGSAYSAY BLVD.,56398.0,6522.0,108.0,5444.0,941.0,4340.0,938.0,43178.0,1951.0,119820.0,MAGSAYSAY BLVD.,post_2017,119820.0,0.0,True
2019,R:6,AURORA BLVD.,39342.0,13873.0,6476.0,6717.0,463.0,1801.0,19.0,51539.0,155.0,120385.0,AURORA BLVD.,post_2017,120385.0,0.0,True
2019,R:7,QUEZON AVE.,123395.0,12212.0,7879.0,15371.0,1223.0,5278.0,403.0,63892.0,446.0,230099.0,QUEZON AVE.,post_2017,230099.0,0.0,True
2019,R:7,COMMONWEALTH AVE.,151705.0,19985.0,11034.0,17245.0,4235.0,6336.0,470.0,105654.0,807.0,317471.0,COMMONWEALTH AVE.,post_2017,317471.0,0.0,True
2019,R:8,A. BONIFACIO,38149.0,3338.0,197.0,847.0,1452.0,8551.0,2396.0,18028.0,328.0,73286.0,A. BONIFACIO,post_2017,73286.0,0.0,True
2019,R:9,RIZAL AVE.,35836.0,10263.0,76.0,2602.0,474.0,3357.0,56.0,41086.0,1291.0,95041.0,RIZAL AVE.,post_2017,95041.0,0.0,True
2019,R:10,DEL PAN,27652.0,1309.0,163.0,2391.0,48.0,4791.0,6173.0,39519.0,2233.0,84279.0,DEL PAN,post_2017,84279.0,0.0,True
2019,R:11,MARCOS HIGHWAY,106031.0,14727.0,3272.0,8380.0,257.0,6199.0,441.0,81732.0,321.0,221360.0,MARCOS HIGHWAY,post_2017,221360.0,0.0,True
2019,R:12,MCARTHUR HIGHWAY,36050.0,8705.0,16.0,3974.0,2077.0,2533.0,348.0,44030.0,194.0,97927.0,MCARTHUR HIGHWAY,post_2017,97927.0,0.0,True
2020,C:1,RECTO,28622.0,4762.0,5.0,5395.0,814.0,655.0,0.0,51636.0,2733.0,94622.0,RECTO,post_2017,94622.0,0.0,True
2020,C:2,MENDOZA,36698.0,544.0,44.0,2152.0,251.0,3115.0,885.0,24296.0,2490.0,70475.0,MENDOZA,post_2017,70475.0,0.0,True
2020,C:2,PRES. QUIRINO AVE.,30541.0,176.0,150.0,2636.0,430.0,1839.0,769.0,17680.0,1195.0,55416.0,PRES. QUIRINO AVE.,post_2017,55416.0,0.0,True
2020,C:3,ARANETA AVE.,35696.0,762.0,23.0,3867.0,21.0,3546.0,661.0,38154.0,2237.0,84967.0,ARANETA AVE.,post_2017,84967.0,0.0,True
2020,C:4,EDSA,193788.0,225.0,1423.0,19316.0,3645.0,2136.0,68.0,107509.0,4.0,328114.0,EDSA,post_2017,328114.0,0.0,True
2020,C:5,C5,100846.0,316.0,436.0,6941.0,347.0,10996.0,725.0,71797.0,14.0,192418.0,C.P. GARCIA / KATIPUNAN / TANDANG SORA,post_2017,192418.0,0.0,True
2020,R:1,ROXAS BLVD.,105863.0,105.0,1053.0,8769.0,851.0,1158.0,2501.0,70184.0,142.0,190626.0,ROXAS BLVD.,post_2017,190626.0,0.0,True
2020,R:2,TAFT AVE.,38695.0,13043.0,12625.0,5888.0,3881.0,653.0,1.0,34297.0,1833.0,110916.0,TAFT AVE.,post_2017,110916.0,0.0,True
2020,R:3,SSH,69900.0,0.0,45.0,5842.0,175.0,9653.0,2878.0,54174.0,88.0,142755.0,SSH,post_2017,142755.0,0.0,True
2020,R:4,SHAW BLVD.,46235.0,737.0,51.0,6217.0,732.0,1790.0,41.0,47331.0,475.0,103609.0,SHAW BLVD.,post_2017,103609.0,0.0,True
2020,R:5,ORTIGAS AVE.,80679.0,2425.0,2611.0,4149.0,3796.0,4730.0,614.0,73070.0,416.0,172490.0,ORTIGAS AVE.,post_2017,172490.0,0.0,True
2020,R:6,MAGSAYSAY BLVD.,48380.0,10.0,11.0,6868.0,825.0,2755.0,349.0,50399.0,1943.0,111540.0,MAGSAYSAY BLVD.,post_2017,111540.0,0.0,True
2020,R:6,AURORA BLVD.,40912.0,12027.0,6726.0,5712.0,508.0,2001.0,14.0,45195.0,101.0,113196.0,AURORA BLVD.,post_2017,113196.0,0.0,True
2020,R:7,QUEZON AVE.,126286.0,6676.0,12049.0,14828.0,1428.0,4311.0,203.0,71923.0,55.0,237759.0,QUEZON AVE.,post_2017,237759.0,0.0,True
2020,R:7,COMMONWEALTH AVE.,148343.0,168.0,295.0,13643.0,7688.0,6318.0,265.0,105325.0,92.0,282137.0,COMMONWEALTH AVE.,post_2017,282137.0,0.0,True
2020,R:8,A. BONIFACIO,41356.0,1660.0,34.0,1839.0,175.0,8449.0,1414.0,25152.0,923.0,81002.0,A. BONIFACIO,post_2017,81002.0,0.0,True
2020,R:9,RIZAL AVE.,30080.0,9986.0,101.0,2204.0,449.0,2938.0,109.0,40721.0,956.0,87544.0,RIZAL AVE.,post_2017,87544.0,0.0,True
2020,R:10,DEL PAN,45911.0,688.0,28.0,2304.0,254.0,6281.0,7342.0,42621.0,2166.0,107595.0,DEL PAN,post_2017,107595.0,0.0,True
2020,R:11,MARCOS HIGHWAY,102714.0,12666.0,3313.0,7762.0,454.0,5125.0,225.0,90421.0,453.0,223133.0,MARCOS HIGHWAY,post_2017,223133.0,0.0,True
2020,R:12,MCARTHUR HIGHWAY,33129.0,8300.0,41.0,3720.0,2244.0,3923.0,183.0,59340.0,190.0,111070.0,MCARTHUR HIGHWAY,post_2017,111070.0,0.0,True
2021,C:1,RECTO,27447.0,3980.0,12.0,4844.0,431.0,924.0,80.0,45082.0,1660.0,84460.0,RECTO,post_2017,84460.0,0.0,True
2021,C:2,MENDOZA,37472.0,3384.0,9.0,3575.0,68.0,8186.0,1897.0,54136.0,662.0,109389.0,MENDOZA,post_2017,109389.0,0.0,True
2021,C:2,PRES. QUIRINO AVE.,30942.0,94.0,10.0,2789.0,56.0,3397.0,754.0,33872.0,668.0,72582.0,PRES QUIRINO AVE.,post_2017,72582.0,0.0,True
2021,C:3,ARANETA AVE.,58726.0,0.0,9.0,2361.0,1.0,2200.0,447.0,36033.0,488.0,100265.0,ARANETA AVE.,post_2017,100265.0,0.0,True
2021,C:4,EDSA,199402.0,1638.0,2604.0,19287.0,5527.0,2188.0,45.0,141564.0,16.0,372271.0,EDSA,post_2017,372271.0,0.0,True
2021,C:5,C5,99316.0,289.0,2121.0,4685.0,340.0,10535.0,1281.0,93681.0,37.0,212285.0,C.P. GARCIA / KATIPUNAN / TANDANG SORA,post_2017,212285.0,0.0,True
2021,R:1,ROXAS BLVD.,95063.0,9366.0,1988.0,11734.0,1575.0,3076.0,1849.0,81895.0,2793.0,209339.0,ROXAS BLVD.,post_2017,209339.0,0.0,True
2021,R:2,TAFT AVE.,43676.0,8552.0,4400.0,5970.0,1865.0,1022.0,7.0,45416.0,3807.0,114715.0,TAFT AVE.,post_2017,114715.0,0.0,True
2021,R:3,SSH,96111.0,187.0,80.0,5740.0,367.0,6664.0,2093.0,75867.0,80.0,187189.0,SSH,post_2017,187189.0,0.0,True
2021,R:4,SHAW BLVD.,48612.0,1127.0,757.0,7958.0,325.0,798.0,101.0,45517.0,10.0,105205.0,SHAW BLVD.,post_2017,105205.0,0.0,True
2021,R:5,ORTIGAS AVE.,73145.0,6866.0,3619.0,3176.0,3177.0,4571.0,486.0,90210.0,449.0,185699.0,ORTIGAS AVE.,post_2017,185699.0,0.0,True
2021,R:6,MAGSAYSAY BLVD.,57031.0,5043.0,43.0,7255.0,391.0,2138.0,380.0,66360.0,1292.0,139933.0,MAGSAYSAY BLVD.,post_2017,139933.0,0.0,True
2021,R:6,AURORA BLVD.,36367.0,7424.0,1458.0,4200.0,1005.0,1922.0,20.0,48318.0,98.0,100812.0,AURORA BLVD.,post_2017,100812.0,0.0,True
2021,R:7,QUEZON AVE.,120383.0,2094.0,2813.0,13139.0,1111.0,4493.0,287.0,117718.0,90.0,262128.0,QUEZON AVE.,post_2017,262128.0,0.0,True
2021,R:7,COMMONWEALTH AVE.,135153.0,1740.0,4879.0,14663.0,5879.0,5914.0,366.0,133591.0,131.0,302316.0,COMMONWEALTH AVE.,post_2017,302316.0,0.0,True
2021,R:8,A. BONIFACIO,27772.0,3247.0,53.0,1101.0,550.0,8334.0,1162.0,29066.0,1222.0,72507.0,A. BONIFACIO,post_2017,72507.0,0.0,True
2021,R:9,RIZAL AVE.,33217.0,6683.0,28.0,3494.0,543.0,2788.0,0.0,59406.0,747.0,106906.0,RIZAL AVE.,post_2017,106906.0,0.0,True
2021,R:10,DEL PAN,39187.0,630.0,38.0,2391.0,147.0,6043.0,6506.0,44121.0,3753.0,102816.0,DEL PAN,post_2017,102816.0,0.0,True
2021,R:11,MARCOS HIGHWAY,109691.0,7682.0,882.0,7659.0,480.0,6687.0,522.0,99611.0,252.0,233466.0,MARCOS HIGHWAY,post_2017,233466.0,0.0,True
2021,R:12,MCARTHUR HIGHWAY,30529.0,3740.0,2.0,4834.0,855.0,2858.0,194.0,80178.0,200.0,123390.0,MCARTHUR HIGHWAY,post_2017,123390.0,0.0,True
2022,C:1,RECTO,27587.0,6749.0,756.0,3554.0,90.0,651.0,169.0,44687.0,1854.0,86097.0,RECTO,post_2017,86097.0,0.0,True
2022,C:2,MENDOZA,83148.0,523.0,243.0,5384.0,155.0,3786.0,12.0,80092.0,1900.0,175243.0,MENDOZA,post_2017,175243.0,0.0,True
2022,C:2,PRES. QUIRINO AVE.,68697.0,6.0,81.0,3963.0,209.0,3198.0,53.0,70437.0,973.0,147617.0,PRES. QUIRINO AVE.,post_2017,147617.0,0.0,True
2022,C:3,ARANETA AVE.,59994.0,14.0,16.0,2758.0,26.0,2639.0,507.0,44877.0,1475.0,112306.0,ARANETA AVE.,post_2017,112306.0,0.0,True
2022,C:4,EDSA,202764.0,1803.0,2475.0,18186.0,5588.0,2295.0,119.0,151847.0,20.0,385096.0,EDSA,post_2017,385097.0,-1.0,True
2022,C:5,C5,93513.0,405.0,2668.0,4123.0,789.0,8993.0,1151.0,100133.0,44.0,211819.0,C.P. GARCIA / KATIPUNAN / TANDANG SORA,post_2017,211819.0,0.0,True
2022,R:1,ROXAS BLVD.,90400.0,68.0,2461.0,9018.0,595.0,1077.0,2050.0,80120.0,290.0,186079.0,ROXAS BLVD.,post_2017,186079.0,0.0,True
2022,R:2,TAFT AVE.,73942.0,14622.0,7648.0,4923.0,1174.0,1647.0,164.0,83705.0,6639.0,194464.0,TAFT AVE.,post_2017,194464.0,0.0,True
2022,R:3,SSH,146455.0,4413.0,246.0,7920.0,4893.0,6870.0,3497.0,86204.0,51.0,260549.0,SSH,post_2017,260549.0,0.0,True
2022,R:4,SHAW BLVD.,47568.0,2545.0,1412.0,5385.0,48.0,1041.0,98.0,52739.0,21.0,110857.0,SHAW BLVD.,post_2017,110857.0,0.0,True
2022,R:5,ORTIGAS AVE.,66372.0,24357.0,4454.0,3505.0,901.0,3988.0,549.0,75422.0,113.0,179661.0,ORTIGAS AVE.,post_2017,179661.0,0.0,True
2022,R:6,MAGSAYSAY BLVD.,47686.0,6144.0,917.0,5434.0,152.0,1644.0,272.0,64643.0,1612.0,128504.0,MAGSAYSAY BLVD.,post_2017,128504.0,0.0,True
2022,R:6,AURORA BLVD.,43305.0,7954.0,2121.0,5600.0,522.0,1988.0,42.0,57926.0,167.0,119625.0,AURORA BLVD.,post_2017,119625.0,0.0,True
2022,R:7,QUEZON AVE.,130465.0,2806.0,2963.0,13003.0,853.0,4088.0,314.0,125966.0,149.0,280606.0,QUEZON AVE.,post_2017,280607.0,-1.0,True
2022,R:7,COMMONWEALTH AVE.,153029.0,5520.0,4223.0,16026.0,4614.0,7336.0,439.0,154369.0,628.0,346184.0,COMMONWEALTH AVE.,post_2017,346184.0,0.0,True
2022,R:8,A. BONIFACIO,38715.0,3202.0,72.0,1319.0,1593.0,7880.0,1458.0,30308.0,265.0,84812.0,A. BONIFACIO,post_2017,84812.0,0.0,True
2022,R:9,RIZAL AVE.,29917.0,7154.0,28.0,2825.0,26.0,2531.0,15.0,54799.0,1813.0,99108.0,RIZAL AVE.,post_2017,99108.0,0.0,True
2022,R:10,DEL PAN,34415.0,656.0,43.0,1950.0,163.0,6051.0,8610.0,43733.0,2481.0,98102.0,DEL PAN,post_2017,98102.0,0.0,True
2022,R:11,MARCOS HIGHWAY,100373.0,7861.0,805.0,6473.0,542.0,4853.0,343.0,106963.0,257.0,228470.0,MARCOS HIGHWAY,post_2017,228470.0,0.0,True
2022,R:12,MCARTHUR HIGHWAY,24724.0,4074.0,8.0,3659.0,479.0,2386.0,169.0,64759.0,298.0,100556.0,MCARTHUR HIGHWAY,post_2017,100556.0,0.0,True
2023,C:1,RECTO,24747.0,7269.0,727.0,1678.0,593.0,666.0,115.0,49406.0,2190.0,87391.0,RECTO,post_2017,87391.0,0.0,True
2023,C:2,MENDOZA,57755.0,11.0,81.0,3102.0,240.0,6706.0,1218.0,74200.0,1922.0,145235.0,MENDOZA,post_2017,145235.0,0.0,True
2023,C:2,PRES. QUIRINO AVE.,73167.0,727.0,64.0,3837.0,364.0,7606.0,1251.0,88445.0,2420.0,177881.0,PRES. QUIRINO AVE.,post_2017,177881.0,0.0,True
2023,C:3,ARANETA AVE.,72782.0,45.0,15.0,2418.0,248.0,3329.0,425.0,51266.0,1694.0,132222.0,ARANETA AVE.,post_2017,132222.0,0.0,True
2023,C:4,EDSA,216934.0,1740.0,2504.0,15001.0,3824.0,2533.0,110.0,164673.0,23.0,407342.0,EDSA,post_2017,407342.0,0.0,True
2023,C:5,C5,127042.0,617.0,64.0,2674.0,426.0,9654.0,702.0,89534.0,7982.0,238695.0,C.P. GARCIA / KATIPUNAN / TANDANG SORA,post_2017,238695.0,0.0,True
2023,R:1,ROXAS BLVD.,79313.0,9888.0,2986.0,11812.0,1625.0,2255.0,1074.0,80690.0,541.0,190184.0,ROXAS BLVD.,post_2017,190184.0,0.0,True
2023,R:2,TAFT AVE.,47624.0,9487.0,6162.0,5278.0,2094.0,1350.0,510.0,55395.0,6421.0,134321.0,TAFT AVE.,post_2017,134321.0,0.0,True
2023,R:3,SSH,87963.0,224.0,84.0,4644.0,952.0,7480.0,2644.0,72806.0,107.0,176904.0,SSH,post_2017,176904.0,0.0,True
2023,R:4,SHAW BLVD.,54622.0,1967.0,1323.0,4574.0,19.0,1314.0,62.0,63193.0,21.0,127095.0,SHAW BLVD.,post_2017,127095.0,0.0,True
2023,R:5,ORTIGAS AVE.,63651.0,1598.0,181.0,3697.0,545.0,1289.0,248.0,75383.0,5.0,146597.0,ORTIGAS AVE.,post_2017,146597.0,0.0,True
2023,R:6,MAGSAYSAY BLVD.,52884.0,7959.0,738.0,3608.0,723.0,2011.0,380.0,67689.0,1924.0,137916.0,MAGSAYSAY BLVD.,post_2017,137916.0,0.0,True
2023,R:6,AURORA BLVD.,45357.0,5677.0,1526.0,3601.0,629.0,2307.0,24.0,62531.0,276.0,121928.0,AURORA BLVD.,post_2017,121928.0,0.0,True
2023,R:7,QUEZON AVE.,139665.0,3697.0,5235.0,12801.0,1305.0,5101.0,215.0,144297.0,170.0,312486.0,QUEZON AVE.,post_2017,312486.0,0.0,True
2023,R:7,COMMONWEALTH AVE.,171866.0,14556.0,5853.0,13162.0,4088.0,6907.0,391.0,189594.0,1571.0,407988.0,COMMONWEALTH AVE.,post_2017,407988.0,0.0,True
2023,R:8,A. BONIFACIO,44888.0,3638.0,95.0,1554.0,2209.0,9790.0,1341.0,42042.0,377.0,105934.0,A. BONIFACIO,post_2017,105934.0,0.0,True
2023,R:9,RIZAL AVE.,31643.0,8454.0,39.0,2783.0,289.0,2468.0,7.0,67376.0,1615.0,114674.0,RIZAL AVE.,post_2017,114674.0,0.0,True
2023,R:10,DEL PAN,32034.0,459.0,25.0,1586.0,62.0,5515.0,9212.0,52253.0,3469.0,104615.0,DEL PAN,post_2017,104615.0,0.0,True
2023,R:11,MARCOS HIGHWAY,110378.0,11185.0,636.0,4749.0,440.0,6604.0,481.0,108876.0,287.0,243636.0,MARCOS HIGHWAY,post_2017,243636.0,0.0,True
2023,R:12,MCARTHUR HIGHWAY,32007.0,6461.0,7.0,3664.0,432.0,2884.0,355.0,74997.0,382.0,121189.0,MCARTHUR HIGHWAY,post_2017,121189.0,0.0,True
2024,C:1,RECTO,30708.0,9815.0,823.0,2884.0,461.0,743.0,94.0,59551.0,4650.0,109729.0,RECTO,post_2017,109729.0,0.0,True
2024,C:2,MENDOZA,54571.0,35.0,130.0,2303.0,244.0,7231.0,847.0,79105.0,1745.0,146211.0,MENDOZA,post_2017,146211.0,0.0,True
2024,C:2,PRES. QUIRINO AVE.,74152.0,763.0,122.0,3172.0,403.0,10020.0,1521.0,102419.0,2566.0,195138.0,PRES. QUIRINO AVE.,post_2017,195138.0,0.0,True
2024,C:3,ARANETA AVE.,79018.0,6.0,12.0,1918.0,614.0,2718.0,331.0,51378.0,856.0,136851.0,ARANETA AVE.,post_2017,136851.0,0.0,True
2024,C:4,EDSA,210980.0,1006.0,2299.0,10852.0,3019.0,2655.0,50.0,189078.0,13.0,419952.0,EDSA,post_2017,419952.0,0.0,True
2024,C:5,C5,107706.0,407.0,2690.0,3365.0,1011.0,8682.0,901.0,125970.0,30.0,250762.0,C.P. GARCIA / KATIPUNAN / TANDANG SORA,post_2017,250762.0,0.0,True
2024,R:1,ROXAS BLVD.,82145.0,7860.0,3683.0,9689.0,990.0,2960.0,2091.0,92927.0,475.0,202820.0,ROXAS BLVD.,post_2017,202820.0,0.0,True
2024,R:2,TAFT AVE.,39415.0,8549.0,6764.0,4929.0,3058.0,943.0,5.0,51620.0,3836.0,119119.0,TAFT AVE.,post_2017,119119.0,0.0,True
2024,R:3,SSH,85574.0,358.0,161.0,3533.0,1144.0,8230.0,2645.0,91901.0,95.0,193641.0,SSH,post_2017,193641.0,0.0,True
2024,R:4,SHAW BLVD.,52610.0,3017.0,1305.0,2810.0,43.0,1413.0,147.0,83482.0,9.0,144836.0,SHAW BLVD.,post_2017,144836.0,0.0,True
2024,R:5,ORTIGAS AVE.,65431.0,27533.0,3695.0,2645.0,634.0,4224.0,534.0,83909.0,160.0,188765.0,ORTIGAS AVE.,post_2017,188765.0,0.0,True
2024,R:6,MAGSAYSAY BLVD.,50465.0,7062.0,647.0,2722.0,704.0,4027.0,1021.0,91293.0,2021.0,159962.0,MAGSAYSAY BLVD.,post_2017,159962.0,0.0,True
2024,R:6,AURORA BLVD.,46695.0,8348.0,2325.0,3318.0,786.0,1966.0,66.0,67440.0,219.0,131163.0,AURORA BLVD.,post_2017,131163.0,0.0,True
2024,R:7,QUEZON AVE.,127876.0,5196.0,4782.0,9900.0,1593.0,3932.0,94.0,145218.0,89.0,298680.0,QUEZON AVE.,post_2017,298680.0,0.0,True
2024,R:7,COMMONWEALTH AVE.,177912.0,16454.0,4820.0,11093.0,3184.0,7075.0,190.0,191104.0,1513.0,413345.0,COMMONWEALTH AVE.,post_2017,413345.0,0.0,True
2024,R:8,A. BONIFACIO,38870.0,3914.0,149.0,1798.0,1812.0,8749.0,882.0,50020.0,807.0,107001.0,A. BONIFACIO,post_2017,107001.0,0.0,True
2024,R:9,RIZAL AVE.,25190.0,7971.0,14.0,1644.0,390.0,2069.0,17.0,49605.0,1575.0,88475.0,RIZAL AVE.,post_2017,88475.0,0.0,True
2024,R:10,DEL PAN,34103.0,692.0,53.0,1614.0,97.0,5829.0,6685.0,63352.0,3900.0,116325.0,DEL PAN,post_2017,116325.0,0.0,True
2024,R:11,MARCOS HIGHWAY,111797.0,10251.0,552.0,3826.0,506.0,6946.0,673.0,131868.0,191.0,266610.0,MARCOS HIGHWAY,post_2017,266610.0,0.0,True
2024,R:12,MCARTHUR HIGHWAY,30890.0,6255.0,12.0,3198.0,414.0,2989.0,317.0,81624.0,310.0,126009.0,MCARTHUR HIGHWAY,post_2017,126009.0,0.0,True
2025,C:1,RECTO,27221.0,8678.0,10.0,1786.0,63.0,666.0,0.0,67915.0,9814.0,116153.0,RECTO,post_2017,116153.0,0.0,True
2025,C:2,MENDOZA,37704.0,23.0,5.0,1694.0,268.0,2813.0,560.0,53763.0,2145.0,98975.0,MENDOZA,post_2017,98975.0,0.0,True
2025,C:2,PRES. QUIRINO AVE.,79264.0,447.0,175.0,2659.0,180.0,8938.0,1418.0,104382.0,2694.0,200135.0,PRES. QUIRINO AVE.,post_2017,200157.0,-22.0,False
2025,C:3,ARANETA AVE.,77554.0,3.0,2.0,1324.0,696.0,2567.0,409.0,53046.0,1368.0,136969.0,ARANETA AVE.,post_2017,136969.0,0.0,True
2025,C:4,EDSA,214080.0,743.0,1891.0,7303.0,2946.0,2494.0,32.0,192233.0,6.0,421728.0,EDSA,post_2017,421728.0,0.0,True
2025,C:5,C5,99057.0,2139.0,866.0,2997.0,1280.0,10093.0,861.0,108570.0,22.0,225885.0,C.P. GARCIA / KATIPUNAN / TANDANG SORA,post_2017,225885.0,0.0,True
2025,R:1,ROXAS BLVD.,90773.0,6.0,2451.0,4310.0,1047.0,1675.0,4539.0,98196.0,271.0,203268.0,ROXAS BLVD.,post_2017,203268.0,0.0,True
2025,R:2,TAFT AVE.,54076.0,11302.0,6112.0,3950.0,3083.0,1731.0,6.0,67068.0,7686.0,155014.0,TAFT AVE.,post_2017,155014.0,0.0,True
2025,R:3,SSH,147079.0,4071.0,229.0,2901.0,4621.0,9730.0,2996.0,97366.0,31.0,289024.0,SSH,post_2017,269024.0,20000.0,False
2025,R:4,SHAW BLVD.,58710.0,3397.0,1077.0,1976.0,21.0,1142.0,126.0,84667.0,10.0,149126.0,SHAW BLVD.,post_2017,151126.0,-2000.0,False
2025,R:5,ORTIGAS AVE.,72059.0,7640.0,3192.0,2537.0,493.0,3086.0,535.0,118162.0,1104.0,208808.0,ORTIGAS AVE.,post_2017,208808.0,0.0,True
2025,R:6,MAGSAYSAY BLVD.,52387.0,8017.0,918.0,2678.0,754.0,4946.0,1389.0,88943.0,1769.0,161801.0,MAGSAYSAY BLVD.,post_2017,161801.0,0.0,True
2025,R:6,AURORA BLVD.,54147.0,7910.0,1796.0,2217.0,699.0,1986.0,75.0,78429.0,152.0,147411.0,AURORA BLVD.,post_2017,147411.0,0.0,True
2025,R:7,QUEZON AVE.,110175.0,4097.0,3789.0,6916.0,1937.0,3074.0,193.0,126653.0,42.0,256876.0,QUEZON AVE.,post_2017,256876.0,0.0,True
2025,R:7,COMMONWEALTH AVE.,172446.0,15948.0,4672.0,10752.0,3086.0,6857.0,184.0,185232.0,1457.0,400644.0,COMMONWEALTH AVE.,post_2017,400634.0,10.0,False
2025,R:8,A. BONIFACIO,55797.0,3985.0,193.0,2057.0,2359.0,7604.0,1272.0,60510.0,872.0,134649.0,A. BONIFACIO,post_2017,134649.0,0.0,True
2025,R:9,RIZAL AVE.,30550.0,9138.0,27.0,1709.0,452.0,2582.0,9.0,71347.0,2108.0,117922.0,RIZAL AVE.,post_2017,117922.0,0.0,True
2025,R:10,DEL PAN,36134.0,556.0,69.0,1050.0,64.0,6645.0,9708.0,59792.0,2993.0,117011.0,DEL PAN,post_2017,117011.0,0.0,True
2025,R:11,MARCOS HIGHWAY,119868.0,8177.0,488.0,3196.0,398.0,5441.0,560.0,144970.0,325.0,283423.0,MARCOS HIGHWAY,post_2017,283423.0,0.0,True
2025,R:12,MCARTHUR HIGHWAY,31233.0,5541.0,9.0,2245.0,299.0,3980.0,483.0,90272.0,753.0,134815.0,MCARTHUR HIGHWAY,post_2017,134815.0,0.0,True
