road,zone,historical_reports,latitude,longitude
EDSA,EDSA_ZONE_01,1086,14.550985483425414,121.02807291712708
EDSA,EDSA_ZONE_02,1086,14.574901709944754,121.04954459208102
EDSA,EDSA_ZONE_03,1085,14.586235576958524,121.05596615115209
EDSA,EDSA_ZONE_04,1086,14.612638489871086,121.05424969152855
EDSA,EDSA_ZONE_05,1086,14.643638449355432,121.03983739686925
C5,C5_ZONE_01,336,14.548575336309526,121.05931284226192
C5,C5_ZONE_02,336,14.570853869047617,121.07134911904765
C5,C5_ZONE_03,336,14.589003880952381,121.07943359821427
C5,C5_ZONE_04,336,14.603662404761902,121.0791213809524
C5,C5_ZONE_05,336,14.635527101190478,121.07394132440476
