corridor,zone,hour_label,historical_reports,probability
C5,C5_ZONE_01,00,2,0.0011904761904761906
C5,C5_ZONE_01,01,2,0.0011904761904761906
C5,C5_ZONE_01,02,1,0.0005952380952380953
C5,C5_ZONE_01,05,8,0.004761904761904762
C5,C5_ZONE_01,06,18,0.010714285714285714
C5,C5_ZONE_01,07,20,0.011904761904761904
C5,C5_ZONE_01,08,32,0.01904761904761905
C5,C5_ZONE_01,09,21,0.0125
C5,C5_ZONE_01,10,11,0.006547619047619048
C5,C5_ZONE_01,11,20,0.011904761904761904
C5,C5_ZONE_01,12,21,0.0125
C5,C5_ZONE_01,13,11,0.006547619047619048
C5,C5_ZONE_01,14,7,0.004166666666666667
C5,C5_ZONE_01,15,20,0.011904761904761904
C5,C5_ZONE_01,16,16,0.009523809523809525
C5,C5_ZONE_01,17,11,0.006547619047619048
C5,C5_ZONE_01,18,12,0.007142857142857143
C5,C5_ZONE_01,19,9,0.005357142857142857
C5,C5_ZONE_01,20,22,0.013095238095238096
C5,C5_ZONE_01,21,8,0.004761904761904762
C5,C5_ZONE_01,22,3,0.0017857142857142857
C5,C5_ZONE_01,23,3,0.0017857142857142857
C5,C5_ZONE_01,UNKNOWN_TIME,2,0.0011904761904761906
C5,C5_ZONE_02,00,2,0.0011904761904761906
C5,C5_ZONE_02,02,1,0.0005952380952380953
C5,C5_ZONE_02,03,2,0.0011904761904761906
C5,C5_ZONE_02,04,1,0.0005952380952380953
C5,C5_ZONE_02,06,7,0.004166666666666667
C5,C5_ZONE_02,07,33,0.019642857142857142
C5,C5_ZONE_02,08,32,0.01904761904761905
C5,C5_ZONE_02,09,16,0.009523809523809525
C5,C5_ZONE_02,10,21,0.0125
C5,C5_ZONE_02,11,23,0.01369047619047619
C5,C5_ZONE_02,12,12,0.007142857142857143
C5,C5_ZONE_02,13,18,0.010714285714285714
C5,C5_ZONE_02,14,13,0.007738095238095238
C5,C5_ZONE_02,15,20,0.011904761904761904
C5,C5_ZONE_02,16,23,0.01369047619047619
C5,C5_ZONE_02,17,12,0.007142857142857143
C5,C5_ZONE_02,18,10,0.005952380952380952
C5,C5_ZONE_02,19,11,0.006547619047619048
C5,C5_ZONE_02,20,8,0.004761904761904762
C5,C5_ZONE_02,21,9,0.005357142857142857
C5,C5_ZONE_02,22,4,0.002380952380952381
C5,C5_ZONE_02,23,2,0.0011904761904761906
C5,C5_ZONE_03,00,3,0.0017857142857142857
C5,C5_ZONE_03,01,2,0.0011904761904761906
C5,C5_ZONE_03,02,1,0.0005952380952380953
C5,C5_ZONE_03,03,1,0.0005952380952380953
C5,C5_ZONE_03,04,2,0.0011904761904761906
C5,C5_ZONE_03,05,4,0.002380952380952381
C5,C5_ZONE_03,06,10,0.005952380952380952
C5,C5_ZONE_03,07,22,0.013095238095238096
C5,C5_ZONE_03,08,27,0.01607142857142857
C5,C5_ZONE_03,09,14,0.008333333333333333
C5,C5_ZONE_03,10,22,0.013095238095238096
C5,C5_ZONE_03,11,27,0.01607142857142857
C5,C5_ZONE_03,12,23,0.01369047619047619
C5,C5_ZONE_03,13,14,0.008333333333333333
C5,C5_ZONE_03,14,21,0.0125
C5,C5_ZONE_03,15,21,0.0125
C5,C5_ZONE_03,16,21,0.0125
C5,C5_ZONE_03,17,9,0.005357142857142857
C5,C5_ZONE_03,18,9,0.005357142857142857
C5,C5_ZONE_03,19,8,0.004761904761904762
C5,C5_ZONE_03,20,5,0.002976190476190476
C5,C5_ZONE_03,21,6,0.0035714285714285713
C5,C5_ZONE_03,22,3,0.0017857142857142857
C5,C5_ZONE_03,23,4,0.002380952380952381
C5,C5_ZONE_03,UNKNOWN_TIME,1,0.0005952380952380953
C5,C5_ZONE_04,00,1,0.0005952380952380953
C5,C5_ZONE_04,02,1,0.0005952380952380953
C5,C5_ZONE_04,03,2,0.0011904761904761906
C5,C5_ZONE_04,04,3,0.0017857142857142857
C5,C5_ZONE_04,05,3,0.0017857142857142857
C5,C5_ZONE_04,06,11,0.006547619047619048
C5,C5_ZONE_04,07,21,0.0125
C5,C5_ZONE_04,08,18,0.010714285714285714
C5,C5_ZONE_04,09,18,0.010714285714285714
C5,C5_ZONE_04,10,15,0.008928571428571428
C5,C5_ZONE_04,11,20,0.011904761904761904
C5,C5_ZONE_04,12,14,0.008333333333333333
C5,C5_ZONE_04,13,7,0.004166666666666667
C5,C5_ZONE_04,14,15,0.008928571428571428
C5,C5_ZONE_04,15,35,0.020833333333333332
C5,C5_ZONE_04,16,17,0.01011904761904762
C5,C5_ZONE_04,17,18,0.010714285714285714
C5,C5_ZONE_04,18,10,0.005952380952380952
C5,C5_ZONE_04,19,11,0.006547619047619048
C5,C5_ZONE_04,20,9,0.005357142857142857
C5,C5_ZONE_04,21,14,0.008333333333333333
C5,C5_ZONE_04,22,3,0.0017857142857142857
C5,C5_ZONE_04,23,11,0.006547619047619048
C5,C5_ZONE_04,UNKNOWN_TIME,3,0.0017857142857142857
C5,C5_ZONE_05,00,2,0.0011904761904761906
C5,C5_ZONE_05,01,1,0.0005952380952380953
C5,C5_ZONE_05,02,5,0.002976190476190476
C5,C5_ZONE_05,04,3,0.0017857142857142857
C5,C5_ZONE_05,05,4,0.002380952380952381
C5,C5_ZONE_05,06,12,0.007142857142857143
C5,C5_ZONE_05,07,13,0.007738095238095238
C5,C5_ZONE_05,08,18,0.010714285714285714
C5,C5_ZONE_05,09,22,0.013095238095238096
C5,C5_ZONE_05,10,10,0.005952380952380952
C5,C5_ZONE_05,11,23,0.01369047619047619
C5,C5_ZONE_05,12,13,0.007738095238095238
C5,C5_ZONE_05,13,7,0.004166666666666667
C5,C5_ZONE_05,14,14,0.008333333333333333
C5,C5_ZONE_05,15,30,0.017857142857142856
C5,C5_ZONE_05,16,29,0.017261904761904763
C5,C5_ZONE_05,17,13,0.007738095238095238
C5,C5_ZONE_05,18,13,0.007738095238095238
C5,C5_ZONE_05,19,11,0.006547619047619048
C5,C5_ZONE_05,20,14,0.008333333333333333
C5,C5_ZONE_05,21,14,0.008333333333333333
C5,C5_ZONE_05,22,3,0.0017857142857142857
C5,C5_ZONE_05,23,3,0.0017857142857142857
C5,C5_ZONE_05,UNKNOWN_TIME,3,0.0017857142857142857
C5,C5_ZONE_06,06,2,0.0011904761904761906
C5,C5_ZONE_06,07,5,0.002976190476190476
C5,C5_ZONE_06,08,2,0.0011904761904761906
C5,C5_ZONE_06,09,9,0.005357142857142857
C5,C5_ZONE_06,10,6,0.0035714285714285713
C5,C5_ZONE_06,11,12,0.007142857142857143
C5,C5_ZONE_06,12,5,0.002976190476190476
C5,C5_ZONE_06,13,4,0.002380952380952381
C5,C5_ZONE_06,14,40,0.023809523809523808
C5,C5_ZONE_06,15,53,0.03154761904761905
C5,C5_ZONE_06,16,47,0.027976190476190477
C5,C5_ZONE_06,17,22,0.013095238095238096
C5,C5_ZONE_06,18,22,0.013095238095238096
C5,C5_ZONE_06,19,18,0.010714285714285714
C5,C5_ZONE_06,20,17,0.01011904761904762
C5,C5_ZONE_06,21,11,0.006547619047619048
C5,C5_ZONE_06,22,1,0.0005952380952380953
C5,C5_ZONE_06,23,1,0.0005952380952380953
C5,C5_ZONE_06,UNKNOWN_TIME,3,0.0017857142857142857
EDSA,EDSA_ZONE_01,00,18,0.0033155277214956713
EDSA,EDSA_ZONE_01,01,10,0.001841959845275373
EDSA,EDSA_ZONE_01,02,2,0.0003683919690550746
EDSA,EDSA_ZONE_01,03,2,0.0003683919690550746
EDSA,EDSA_ZONE_01,04,13,0.002394547798857985
EDSA,EDSA_ZONE_01,05,29,0.005341683551298581
EDSA,EDSA_ZONE_01,06,36,0.006631055442991343
EDSA,EDSA_ZONE_01,07,50,0.009209799226376865
EDSA,EDSA_ZONE_01,08,68,0.012525326947872537
EDSA,EDSA_ZONE_01,09,61,0.011235955056179775
EDSA,EDSA_ZONE_01,10,44,0.008104623319211642
EDSA,EDSA_ZONE_01,11,37,0.00681525142751888
EDSA,EDSA_ZONE_01,12,25,0.004604899613188432
EDSA,EDSA_ZONE_01,13,26,0.00478909559771597
EDSA,EDSA_ZONE_01,14,35,0.006446859458463805
EDSA,EDSA_ZONE_01,15,70,0.01289371891692761
EDSA,EDSA_ZONE_01,16,72,0.013262110885982685
EDSA,EDSA_ZONE_01,17,64,0.011788543009762387
EDSA,EDSA_ZONE_01,18,39,0.007183643396573955
EDSA,EDSA_ZONE_01,19,53,0.009762387179959477
EDSA,EDSA_ZONE_01,20,56,0.01031497513354209
EDSA,EDSA_ZONE_01,21,22,0.004052311659605821
EDSA,EDSA_ZONE_01,22,34,0.006262663473936269
EDSA,EDSA_ZONE_01,23,33,0.006078467489408731
EDSA,EDSA_ZONE_01,UNKNOWN_TIME,6,0.0011051759071652237
EDSA,EDSA_ZONE_02,00,19,0.003499723706023209
EDSA,EDSA_ZONE_02,01,7,0.0012893718916927612
EDSA,EDSA_ZONE_02,02,2,0.0003683919690550746
EDSA,EDSA_ZONE_02,03,2,0.0003683919690550746
EDSA,EDSA_ZONE_02,04,5,0.0009209799226376865
EDSA,EDSA_ZONE_02,05,22,0.004052311659605821
EDSA,EDSA_ZONE_02,06,33,0.006078467489408731
EDSA,EDSA_ZONE_02,07,61,0.011235955056179775
EDSA,EDSA_ZONE_02,08,51,0.009393995210904402
EDSA,EDSA_ZONE_02,09,48,0.00884140725732179
EDSA,EDSA_ZONE_02,10,37,0.00681525142751888
EDSA,EDSA_ZONE_02,11,43,0.007920427334684104
EDSA,EDSA_ZONE_02,12,46,0.008473015288266716
EDSA,EDSA_ZONE_02,13,29,0.005341683551298581
EDSA,EDSA_ZONE_02,14,70,0.01289371891692761
EDSA,EDSA_ZONE_02,15,74,0.01363050285503776
EDSA,EDSA_ZONE_02,16,74,0.01363050285503776
EDSA,EDSA_ZONE_02,17,56,0.01031497513354209
EDSA,EDSA_ZONE_02,18,42,0.007736231350156567
EDSA,EDSA_ZONE_02,19,47,0.008657211272794254
EDSA,EDSA_ZONE_02,20,41,0.007552035365629029
EDSA,EDSA_ZONE_02,21,35,0.006446859458463805
EDSA,EDSA_ZONE_02,22,28,0.005157487566771045
EDSA,EDSA_ZONE_02,23,29,0.005341683551298581
EDSA,EDSA_ZONE_02,UNKNOWN_TIME,4,0.0007367839381101492
EDSA,EDSA_ZONE_03,00,12,0.0022103518143304474
EDSA,EDSA_ZONE_03,01,4,0.0007367839381101492
EDSA,EDSA_ZONE_03,03,3,0.0005525879535826119
EDSA,EDSA_ZONE_03,04,5,0.0009209799226376865
EDSA,EDSA_ZONE_03,05,13,0.002394547798857985
EDSA,EDSA_ZONE_03,06,45,0.008288819303739179
EDSA,EDSA_ZONE_03,07,63,0.01160434702523485
EDSA,EDSA_ZONE_03,08,59,0.0108675630871247
EDSA,EDSA_ZONE_03,09,46,0.008473015288266716
EDSA,EDSA_ZONE_03,10,47,0.008657211272794254
EDSA,EDSA_ZONE_03,11,46,0.008473015288266716
EDSA,EDSA_ZONE_03,12,52,0.00957819119543194
EDSA,EDSA_ZONE_03,13,25,0.004604899613188432
EDSA,EDSA_ZONE_03,14,58,0.010683367102597163
EDSA,EDSA_ZONE_03,15,79,0.014551482777675446
EDSA,EDSA_ZONE_03,16,77,0.014183090808620373
EDSA,EDSA_ZONE_03,17,58,0.010683367102597163
EDSA,EDSA_ZONE_03,18,63,0.01160434702523485
EDSA,EDSA_ZONE_03,19,56,0.01031497513354209
EDSA,EDSA_ZONE_03,20,40,0.007367839381101492
EDSA,EDSA_ZONE_03,21,14,0.0025787437833855223
EDSA,EDSA_ZONE_03,22,28,0.005157487566771045
EDSA,EDSA_ZONE_03,23,11,0.0020261558298029104
EDSA,EDSA_ZONE_03,UNKNOWN_TIME,1,0.0001841959845275373
EDSA,EDSA_ZONE_04,00,15,0.0027629397679130594
EDSA,EDSA_ZONE_04,01,3,0.0005525879535826119
EDSA,EDSA_ZONE_04,02,1,0.0001841959845275373
EDSA,EDSA_ZONE_04,03,3,0.0005525879535826119
EDSA,EDSA_ZONE_04,04,9,0.0016577638607478357
EDSA,EDSA_ZONE_04,05,27,0.004973291582243507
EDSA,EDSA_ZONE_04,06,46,0.008473015288266716
EDSA,EDSA_ZONE_04,07,91,0.016761834592005895
EDSA,EDSA_ZONE_04,08,77,0.014183090808620373
EDSA,EDSA_ZONE_04,09,66,0.012156934978817462
EDSA,EDSA_ZONE_04,10,71,0.013077914901455148
EDSA,EDSA_ZONE_04,11,56,0.01031497513354209
EDSA,EDSA_ZONE_04,12,40,0.007367839381101492
EDSA,EDSA_ZONE_04,13,29,0.005341683551298581
EDSA,EDSA_ZONE_04,14,41,0.007552035365629029
EDSA,EDSA_ZONE_04,15,52,0.00957819119543194
EDSA,EDSA_ZONE_04,16,47,0.008657211272794254
EDSA,EDSA_ZONE_04,17,42,0.007736231350156567
EDSA,EDSA_ZONE_04,18,45,0.008288819303739179
EDSA,EDSA_ZONE_04,19,42,0.007736231350156567
EDSA,EDSA_ZONE_04,20,23,0.004236507644133358
EDSA,EDSA_ZONE_04,21,26,0.00478909559771597
EDSA,EDSA_ZONE_04,22,21,0.0038681156750782833
EDSA,EDSA_ZONE_04,23,25,0.004604899613188432
EDSA,EDSA_ZONE_04,UNKNOWN_TIME,6,0.0011051759071652237
EDSA,EDSA_ZONE_05,00,2,0.0003683919690550746
EDSA,EDSA_ZONE_05,01,9,0.0016577638607478357
EDSA,EDSA_ZONE_05,02,6,0.0011051759071652237
EDSA,EDSA_ZONE_05,03,4,0.0007367839381101492
EDSA,EDSA_ZONE_05,04,18,0.0033155277214956713
EDSA,EDSA_ZONE_05,05,34,0.006262663473936269
EDSA,EDSA_ZONE_05,06,63,0.01160434702523485
EDSA,EDSA_ZONE_05,07,95,0.017498618530116042
EDSA,EDSA_ZONE_05,08,80,0.014735678762202983
EDSA,EDSA_ZONE_05,09,89,0.01639344262295082
EDSA,EDSA_ZONE_05,10,59,0.0108675630871247
EDSA,EDSA_ZONE_05,11,69,0.012709522932400073
EDSA,EDSA_ZONE_05,12,56,0.01031497513354209
EDSA,EDSA_ZONE_05,13,31,0.005710075520353656
EDSA,EDSA_ZONE_05,14,53,0.009762387179959477
EDSA,EDSA_ZONE_05,15,37,0.00681525142751888
EDSA,EDSA_ZONE_05,16,31,0.005710075520353656
EDSA,EDSA_ZONE_05,17,33,0.006078467489408731
EDSA,EDSA_ZONE_05,18,29,0.005341683551298581
EDSA,EDSA_ZONE_05,19,25,0.004604899613188432
EDSA,EDSA_ZONE_05,20,21,0.0038681156750782833
EDSA,EDSA_ZONE_05,21,19,0.003499723706023209
EDSA,EDSA_ZONE_05,22,19,0.003499723706023209
EDSA,EDSA_ZONE_05,23,17,0.0031313317369681343
EDSA,EDSA_ZONE_05,UNKNOWN_TIME,6,0.0011051759071652237
EDSA,EDSA_ZONE_06,00,14,0.0025787437833855223
EDSA,EDSA_ZONE_06,01,5,0.0009209799226376865
EDSA,EDSA_ZONE_06,02,6,0.0011051759071652237
EDSA,EDSA_ZONE_06,03,3,0.0005525879535826119
EDSA,EDSA_ZONE_06,04,22,0.004052311659605821
EDSA,EDSA_ZONE_06,05,31,0.005710075520353656
EDSA,EDSA_ZONE_06,06,59,0.0108675630871247
EDSA,EDSA_ZONE_06,07,58,0.010683367102597163
EDSA,EDSA_ZONE_06,08,58,0.010683367102597163
EDSA,EDSA_ZONE_06,09,50,0.009209799226376865
EDSA,EDSA_ZONE_06,10,52,0.00957819119543194
EDSA,EDSA_ZONE_06,11,44,0.008104623319211642
EDSA,EDSA_ZONE_06,12,46,0.008473015288266716
EDSA,EDSA_ZONE_06,13,25,0.004604899613188432
EDSA,EDSA_ZONE_06,14,34,0.006262663473936269
EDSA,EDSA_ZONE_06,15,60,0.011051759071652238
EDSA,EDSA_ZONE_06,16,55,0.010130779149014552
EDSA,EDSA_ZONE_06,17,39,0.007183643396573955
EDSA,EDSA_ZONE_06,18,50,0.009209799226376865
EDSA,EDSA_ZONE_06,19,55,0.010130779149014552
EDSA,EDSA_ZONE_06,20,38,0.006999447412046418
EDSA,EDSA_ZONE_06,21,19,0.003499723706023209
EDSA,EDSA_ZONE_06,22,44,0.008104623319211642
EDSA,EDSA_ZONE_06,23,32,0.005894271504881194
EDSA,EDSA_ZONE_06,UNKNOWN_TIME,6,0.0011051759071652237
