Year,Code,road_label,aadt,exposure,is_covid_year,in_model_window,composition_era
2014,C:5,C5,178429.0,65126585.0,False,False,pre_2017
2015,C:5,C5,194119.0,70853435.0,False,False,pre_2017
2016,C:5,C5,218155.0,79626575.0,False,False,pre_2017
2017,C:5,C5,218751.0,79844115.0,False,False,post_2017
2018,C:5,C5,235744.0,86046560.0,False,True,post_2017
2019,C:5,C5,236060.0,86161900.0,False,True,post_2017
2020,C:5,C5,192418.0,70232570.0,True,True,post_2017
2021,C:5,C5,212285.0,77484025.0,True,False,post_2017
2022,C:5,C5,211819.0,77313935.0,False,False,post_2017
2023,C:5,C5,238695.0,87123675.0,False,False,post_2017
2024,C:5,C5,250762.0,91528130.0,False,False,post_2017
2025,C:5,C5,225885.0,82448025.0,False,False,post_2017
2014,C:4,EDSA,360417.0,131552205.0,False,False,pre_2017
2015,C:4,EDSA,367675.0,134201375.0,False,False,pre_2017
2016,C:4,EDSA,364781.0,133145065.0,False,False,pre_2017
2017,C:4,EDSA,367728.0,134220720.0,False,False,post_2017
2018,C:4,EDSA,383828.0,140097220.0,False,True,post_2017
2019,C:4,EDSA,405882.0,148146930.0,False,True,post_2017
2020,C:4,EDSA,328114.0,119761610.0,True,True,post_2017
2021,C:4,EDSA,372271.0,135878915.0,True,False,post_2017
2022,C:4,EDSA,385096.0,140560040.0,False,False,post_2017
2023,C:4,EDSA,407342.0,148679830.0,False,False,post_2017
2024,C:4,EDSA,419952.0,153282480.0,False,False,post_2017
2025,C:4,EDSA,421728.0,153930720.0,False,False,post_2017
