ym,corridor,crashes,year,month,days_in_month,in_window
2018-08,C5,28,2018,8,31,False
2018-08,EDSA,93,2018,8,31,False
2018-08,OTHER,88,2018,8,31,False
2018-09,C5,83,2018,9,30,True
2018-09,EDSA,321,2018,9,30,True
2018-09,OTHER,244,2018,9,30,True
2018-10,C5,123,2018,10,31,True
2018-10,EDSA,371,2018,10,31,True
2018-10,OTHER,290,2018,10,31,True
2018-11,C5,97,2018,11,30,True
2018-11,EDSA,343,2018,11,30,True
2018-11,OTHER,277,2018,11,30,True
2018-12,C5,73,2018,12,31,True
2018-12,EDSA,292,2018,12,31,True
2018-12,OTHER,238,2018,12,31,True
2019-01,C5,84,2019,1,31,True
2019-01,EDSA,322,2019,1,31,True
2019-01,OTHER,251,2019,1,31,True
2019-02,C5,99,2019,2,28,True
2019-02,EDSA,317,2019,2,28,True
2019-02,OTHER,241,2019,2,28,True
2019-03,C5,85,2019,3,31,True
2019-03,EDSA,412,2019,3,31,True
2019-03,OTHER,275,2019,3,31,True
2019-04,C5,67,2019,4,30,True
2019-04,EDSA,305,2019,4,30,True
2019-04,OTHER,220,2019,4,30,True
2019-05,C5,69,2019,5,31,True
2019-05,EDSA,313,2019,5,31,True
2019-05,OTHER,198,2019,5,31,True
2019-06,C5,76,2019,6,30,True
2019-06,EDSA,290,2019,6,30,True
2019-06,OTHER,218,2019,6,30,True
2019-07,C5,79,2019,7,31,True
2019-07,EDSA,320,2019,7,31,True
2019-07,OTHER,236,2019,7,31,True
2019-08,C5,97,2019,8,31,True
2019-08,EDSA,312,2019,8,31,True
2019-08,OTHER,207,2019,8,31,True
2019-09,C5,100,2019,9,30,True
2019-09,EDSA,291,2019,9,30,True
2019-09,OTHER,215,2019,9,30,True
2019-10,C5,106,2019,10,31,True
2019-10,EDSA,236,2019,10,31,True
2019-10,OTHER,253,2019,10,31,True
2019-11,C5,100,2019,11,30,True
2019-11,EDSA,229,2019,11,30,True
2019-11,OTHER,221,2019,11,30,True
2019-12,C5,88,2019,12,31,True
2019-12,EDSA,229,2019,12,31,True
2019-12,OTHER,165,2019,12,31,True
2020-01,C5,120,2020,1,31,True
2020-01,EDSA,279,2020,1,31,True
2020-01,OTHER,198,2020,1,31,True
2020-02,C5,134,2020,2,29,True
2020-02,EDSA,247,2020,2,29,True
2020-02,OTHER,227,2020,2,29,True
2020-03,C5,43,2020,3,31,False
2020-03,EDSA,84,2020,3,31,False
2020-03,OTHER,88,2020,3,31,False
2020-04,C5,1,2020,4,30,False
2020-04,EDSA,3,2020,4,30,False
2020-04,OTHER,3,2020,4,30,False
2020-05,C5,13,2020,5,31,False
2020-05,EDSA,16,2020,5,31,False
2020-05,OTHER,25,2020,5,31,False
2020-06,C5,15,2020,6,30,False
2020-06,EDSA,21,2020,6,30,False
2020-06,OTHER,16,2020,6,30,False
2020-09,C5,32,2020,9,30,False
2020-09,EDSA,61,2020,9,30,False
2020-09,OTHER,69,2020,9,30,False
2020-10,C5,40,2020,10,31,False
2020-10,EDSA,99,2020,10,31,False
2020-10,OTHER,135,2020,10,31,False
2020-11,C5,29,2020,11,30,False
2020-11,EDSA,63,2020,11,30,False
2020-11,OTHER,78,2020,11,30,False
2020-12,C5,34,2020,12,31,False
2020-12,EDSA,62,2020,12,31,False
2020-12,OTHER,48,2020,12,31,False
