corridor,hour,crashes
C5,0,10
C5,1,5
C5,2,9
C5,3,5
C5,4,9
C5,5,19
C5,6,60
C5,7,114
C5,8,129
C5,9,100
C5,10,85
C5,11,125
C5,12,88
C5,13,61
C5,14,110
C5,15,179
C5,16,153
C5,17,85
C5,18,76
C5,19,68
C5,20,75
C5,21,62
C5,22,17
C5,23,24
EDSA,0,80
EDSA,1,38
EDSA,2,17
EDSA,3,17
EDSA,4,72
EDSA,5,156
EDSA,6,282
EDSA,7,418
EDSA,8,393
EDSA,9,360
EDSA,10,310
EDSA,11,295
EDSA,12,265
EDSA,13,165
EDSA,14,291
EDSA,15,372
EDSA,16,356
EDSA,17,292
EDSA,18,268
EDSA,19,278
EDSA,20,219
EDSA,21,135
EDSA,22,174
EDSA,23,147
OTHER,0,51
OTHER,1,25
OTHER,2,15
OTHER,3,14
OTHER,4,75
OTHER,5,132
OTHER,6,295
OTHER,7,392
OTHER,8,307
OTHER,9,308
OTHER,10,299
OTHER,11,233
OTHER,12,208
OTHER,13,145
OTHER,14,163
OTHER,15,238
OTHER,16,220
OTHER,17,166
OTHER,18,228
OTHER,19,186
OTHER,20,153
OTHER,21,86
OTHER,22,80
OTHER,23,95
