ym,corridor,crashes,year,month,days_in_month,in_window,aadt,exposure,rate
2018-09,C5,83,2018,9,30,True,235744.0,7072320.0,1.1735894303425185
2018-09,EDSA,321,2018,9,30,True,383828.0,11514840.0,2.7877069937576207
2018-10,C5,123,2018,10,31,True,235744.0,7308064.0,1.6830722883652907
2018-10,EDSA,371,2018,10,31,True,383828.0,11898668.0,3.117996064769603
2018-11,C5,97,2018,11,30,True,235744.0,7072320.0,1.3715442740147505
2018-11,EDSA,343,2018,11,30,True,383828.0,11514840.0,2.978764793952847
2018-12,C5,73,2018,12,31,True,235744.0,7308064.0,0.9988965613875302
2018-12,EDSA,292,2018,12,31,True,383828.0,11898668.0,2.4540562019210888
2019-01,C5,84,2019,1,31,True,236060.0,7317860.0,1.1478765650067095
2019-01,EDSA,322,2019,1,31,True,405882.0,12582342.0,2.559142010287115
2019-02,C5,99,2019,2,28,True,236060.0,6609680.0,1.4978032219411528
2019-02,EDSA,317,2019,2,28,True,405882.0,11364696.0,2.7893398996330387
2019-03,C5,85,2019,3,31,True,236060.0,7317860.0,1.1615417622091704
2019-03,EDSA,412,2019,3,31,True,405882.0,12582342.0,3.2744301498083583
2019-04,C5,67,2019,4,30,True,236060.0,7081800.0,0.9460871529837047
2019-04,EDSA,305,2019,4,30,True,405882.0,12176460.0,2.504833095990132
2019-05,C5,69,2019,5,31,True,236060.0,7317860.0,0.9428986069697971
2019-05,EDSA,313,2019,5,31,True,405882.0,12582342.0,2.487613196334991
2019-06,C5,76,2019,6,30,True,236060.0,7081800.0,1.0731734869665903
2019-06,EDSA,290,2019,6,30,True,405882.0,12176460.0,2.381644583072584
2019-07,C5,79,2019,7,31,True,236060.0,7317860.0,1.0795505789944055
2019-07,EDSA,320,2019,7,31,True,405882.0,12582342.0,2.543246718297754
2019-08,C5,97,2019,8,31,True,236060.0,7317860.0,1.3255241286387003
2019-08,EDSA,312,2019,8,31,True,405882.0,12582342.0,2.47966555034031
2019-09,C5,100,2019,9,30,True,236060.0,7081800.0,1.4120703775876189
2019-09,EDSA,291,2019,9,30,True,405882.0,12176460.0,2.3898571506004207
2019-10,C5,106,2019,10,31,True,236060.0,7317860.0,1.4485109034608479
2019-10,EDSA,236,2019,10,31,True,405882.0,12582342.0,1.8756444547445938
2019-11,C5,100,2019,11,30,True,236060.0,7081800.0,1.4120703775876189
2019-11,EDSA,229,2019,11,30,True,405882.0,12176460.0,1.880677963874558
2019-12,C5,88,2019,12,31,True,236060.0,7317860.0,1.202537353816553
2019-12,EDSA,229,2019,12,31,True,405882.0,12582342.0,1.8200109327818301
2020-01,C5,120,2020,1,31,True,192418.0,5964958.0,2.0117492864157636
2020-01,EDSA,279,2020,1,31,True,328114.0,10171534.0,2.742949096960203
2020-02,C5,134,2020,2,29,True,192418.0,5580122.0,2.401381188439966
2020-02,EDSA,247,2020,2,29,True,328114.0,9515306.0,2.595817727774598
