Year,Code,Road,CAR,PUJ,UV,TAXI,PUB,TRUCK,TRAILER,MC,TRICYCLE,TOTAL
2014,C:1,RECTO,23673,17956,,,259,816,382,15063,3682,61831
2014,C:2,MENDOZA,61144,104,,,217,4374,398,20199,633,87069
2014,C:2,PRES. QUIRINO,88806,158,,,180,7130,2398,25887,98,124657
2014,C:3,ARANETA AVE.,68009,1473,,,18,4291,796,21649,1124,97360
2014,C:4,EDSA (BUENDIA AVE.),284460,4864,,,14970,4417,1,51696,9,360417
2014,C:5,KATIPUNAN / C.P. GARCIA,127594,812,,,194,10508,914,38401,6,178429
2014,R:1,ROXAS BLVD.,135948,90,,,751,391,0,31734,49,168963
2014,R:2,TAFT AVE.,50897,14930,,,1904,404,1,14935,392,83463
2014,R:3,SSH,97801,7085,,,6065,9484,807,22366,2,143610
2014,R:4,SHAW BLVD.,57922,10756,,,50,1133,67,18115,14,88057
2014,R:5,ORTIGAS AVE.,66079,18091,,,1003,4252,352,32979,521,123277
2014,R:6,MAGSAYSAY BLVD.,55977,15292,,,429,2543,313,23155,1044,98763
2014,R:6,AURORA BLVD.,60873,16602,,,85,2290,27,22420,257,102554
2014,R:7,QUEZON AVE.,140290,7163,,,1557,4061,570,29754,63,183458
2014,R:7,COMMONWEALTH AVE.,158199,16508,,,5758,5356,217,46429,634,233101
2014,R:8,A. BONIFACIO,51859,6299,,,1834,9230,3939,15644,1549,90354
2014,R:9,RIZAL AVE.,25464,12075,,,304,1787,4,17749,1568,58951
2014,R:10,DEL PAN,21326,1902,,,48,4974,3856,11737,1822,45665
2014,,MARCOS HWY.,109239,20718,,,166,6524,533,31650,153,168983
2014,,MCARTHUR HWY.,35945,9432,,,2268,3681,402,24946,270,76944
2014,TOTAL,,1721505,182310,,,38060,87646,15977,516508,13890,2575896
2015,C:1,RECTO,30216,15736,,,643,769,16,19220,3906,70506
2015,C:2,MENDOZA,63469,72,,,193,4007,506,22611,984,91842
2015,C:2,PRES. QUIRINO,76073,5019,,,173,6421,3070,28541,527,119824
2015,C:3,ARANETA AVE.,54670,2228,,,21,4393,528,25111,2769,89720
2015,C:4,EDSA (BUENDIA AVE),284436,2944,,,14384,5451,8,60432,20,367675
2015,C:5,KATIPUNAN / C.P. GARCIA,134939,985,,,662,10458,922,46149,4,194119
2015,R:1,ROXAS BLVD.,138070,103,,,276,831,50,33827,38,173195
2015,R:2,TAFT AVE.,56378,15885,,,2992,650,15,14683,582,91185
2015,R:3,SSH,86552,3,,,779,7184,3921,28095,33,126567
2015,R:4,SHAW BLVD.,58604,10262,,,74,1603,164,24525,4,95236
2015,R:5,ORTIGAS AVE.,73293,9706,,,914,5039,428,32044,9,121433
2015,R:6,MAGSAYSAY BLVD.,56971,13220,,,729,2228,429,25129,1107,99813
2015,R:6,AURORA BLVD.,55978,16592,,,73,2168,30,18168,697,93706
2015,R:7,QUEZON AVE.,136358,8429,,,1400,4337,329,35347,121,186321
2015,R:7,COMMONWEALTH AVE.,169329,17113,,,5877,6307,256,59423,890,259195
2015,R:8,A. BONIFACIO,25880,4533,,,1524,6736,2867,14498,1859,57897
2015,R:9,RIZAL AVE.,29017,13205,,,298,1948,7,23341,2579,70395
2015,R:10,DEL PAN,,,,,,,,,,
2015,,MARCOS HWY.,112020,17171,,,95,6394,548,36609,178,173015
2015,,MCARTHUR HWY.,36702,10012,,,2617,4031,541,27734,533,82170
2015,TOTAL,,1678955,163218,,,33724,80955,14635,575487,16840,2563814
2016,C:1,RECTO,26154,13454,,,690,703,13,16882,5466,63362
2016,C:2,MENDOZA,51410,46,,,276,3462,265,21845,1247,78551
2016,C:2,PRES. QUIRINO,71317,7277,,,135,7075,2358,28669,651,117482
2016,C:3,ARANETA AVE.,43654,1998,,,23,4135,599,26081,2712,79202
2016,C:4,EDSA,278657,2723,,,12081,5556,2,65757,5,364781
2016,C:5,KATIPUNAN / C.P. GARCIA,154037,950,,,373,12411,1101,49277,6,218155
2016,R:1,ROXAS BLVD.,133664,130,,,714,926,1137,38413,201,175185
2016,R:2,TAFT AVE.,54047,13069,,,3575,543,6,17518,1090,89848
2016,R:3,SSH,68844,0,,,795,5550,1633,23033,68,99923
2016,R:4,SHAW BLVD.,63066,8532,,,2168,2732,175,27794,5,101307
2016,R:5,ORTIGAS AVE.,88628,8734,,,53,1480,616,41958,623,153425
2016,R:6,MAGSAYSAY BLVD.,59550,15557,,,881,5162,491,24426,872,94779
2016,R:6,AURORA BLVD.,57070,5677,,,638,3125,37,20811,310,95595
2016,R:7,QUEZON AVE.,140311,14942,,,67,2358,163,31720,579,187111
2016,R:7,COMMONWEALTH AVE.,181266,9056,,,1201,4081,271,60626,977,272255
2016,R:8,A. BONIFACIO,28739,16590,,,5688,6837,3221,12482,798,58014
2016,R:9,RIZAL AVE.,29734,4888,,,1332,6554,7,28538,2000,76295
2016,R:10,DEL PAN,31211,13420,,,428,2168,8290,20181,2932,70012
2016,,MARCOS HWY.,95837,2356,,,53,4989,439,36259,129,153626
2016,,MCARTHUR HWY.,31034,15402,,,129,5431,288,35032,293,80079
2016,TOTAL,,1688230,154801,,,31300,85278,21112,627302,20964,2628987
2017,C:1,RECTO,21366,13134,2172,4069,545,584,3,19551,3253,64677
2017,C:2,MENDOZA,49430,56,519,5358,213,5102,731,21983,987,84379
2017,C:2,PRES. QUIRINO AVE.,59647,1574,454,6852,99,5958,981,27686,1867,105118
2017,C:3,ARANETA AVE.,40306,1945,14,4207,6,4163,607,26107,2675,80030
2017,C:4,EDSA,247527,2369,7229,20022,12283,8830,2,69438,28,367728
2017,C:5,KATIPUNAN / C.P. GARCIA,133171,923,8442,7293,221,10121,680,57881,19,218751
2017,R:1,ROXAS BLVD.,120524,42,7626,16660,2103,747,1111,42191,116,191120
2017,R:2,TAFT AVE.,36558,12152,13236,5643,3749,640,10,18028,570,90586
2017,R:3,SSH,65381,353,684,6650,892,5182,2376,21797,62,103377
2017,R:4,SHAW BLVD.,55632,6450,3496,4029,107,1054,126,30724,6,101624
2017,R:5,ORTIGAS AVE.,71102,12054,9344,3723,877,5029,681,50769,376,153955
2017,R:6,MAGSAYSAY BLVD.,56261,5952,59,6265,722,2859,336,28878,1241,102573
2017,R:6,AURORA BLVD.,41620,14707,6701,5245,57,3674,712,25614,314,98644
2017,R:7,QUEZON AVE.,113905,6868,12791,15840,1217,3664,244,40759,47,195335
2017,R:7,COMMONWEALTH AVE.,139951,15687,13165,14400,5475,7822,518,74492,1210,272720
2017,R:8,A. BONIFACIO,28690,3695,222,908,1494,9278,3915,11938,650,60790
2017,R:9,RIZAL AVE.,32905,12546,83,2685,492,2012,3,29449,1565,81740
2017,R:10,DEL PAN,35955,1783,188,3538,73,5686,7886,23167,2011,80285
2017,,MARCOS HIGHWAY,90287,14261,4532,5165,133,5684,412,42019,169,162662
2017,,MCARTHUR HIGHWAY,29446,8752,25,4073,1889,3208,506,34852,206,82957
2017,TOTAL,,1469664,135303,90980,142625,32647,91297,21840,697323,17372,2699051
2018,C:1,RECTO,24537,10487,2262,3040,1489,558,7,21742,2692,66814
2018,C:2,MENDOZA,56353,94,579,3582,190,5016,746,20673,1411,88644
2018,C:2,PRES. QUIRINO AVE.,65444,1301,353,5111,113,6248,1043,27239,1740,108592
2018,C:3,ARANETA AVE.,38740,1351,19,3604,10,4610,445,30289,2151,81219
2018,C:4,EDSA,251628,1940,6903,20871,13356,3027,6,86082,15,383828
2018,C:5,C.P. GARCIA / KATIPUNAN / TANDANG SORA,133427,1378,6886,6552,908,12624,790,73169,10,235744
2018,R:1,ROXAS BLVD.,129475,86,6366,16387,1782,992,2795,45199,405,203487
2018,R:2,TAFT AVE.,37789,11974,10737,5644,4129,692,4,20338,459,91766
2018,R:3,SSH,56104,39,384,4382,748,6807,2872,29545,28,100909
2018,R:4,SHAW BLVD.,52128,5801,3499,3684,69,1250,155,36486,5,103077
2018,R:5,ORTIGAS AVE.,79128,10674,8542,3946,1115,5515,638,64245,677,174480
2018,R:6,MAGSAYSAY BLVD.,59811,6089,159,4776,756,2821,412,37237,1666,113727
2018,R:6,AURORA BLVD.,37881,14975,8361,6047,70,2027,38,33970,94,103463
2018,R:7,QUEZON AVE.,120080,6230,11712,16214,1397,4123,319,44462,67,204604
2018,R:7,COMMONWEALTH AVE.,131521,12447,12547,15878,5608,5905,381,60040,589,244916
2018,R:8,A. BONIFACIO,32136,2980,161,881,1408,8662,2695,14271,882,64076
2018,R:9,RIZAL AVE.,37404,11440,42,3062,370,2618,4,32959,1574,89473
2018,R:10,DEL PAN,32883,1738,153,2839,84,5416,8235,28426,2483,82257
2018,,MARCOS HIGHWAY,98705,13152,4006,6797,73,5351,369,49597,164,178214
2018,,MCARTHUR HIGHWAY,34663,8398,21,4189,2034,2936,516,39159,249,92165
2018,TOTAL,,1509837,122574,83692,137486,35709,87198,22470,795128,17361,2811455
2019,C:1,RECTO,21909,10115,2109,2324,719,762,28,25439,2722,66127
2019,C:2,MENDOZA,50045,59,295,3870,235,5592,877,28978,1328,91279
2019,C:2,PRES. QUIRINO AVE.,63263,1329,391,3425,48,7591,1442,38103,1175,116767
2019,C:3,ARANETA AVE.,42708,2172,2,3672,30,3718,697,36526,2908,92433
2019,C:4,EDSA,255732,2166,6285,18913,11313,1297,0,110167,9,405882
2019,C:5,C.P. GARCIA / KATIPUNAN / TANDANG SORA,124426,967,5421,4533,541,10175,960,88996,41,236060
2019,R:1,ROXAS BLVD.,121467,265,6885,13511,1530,975,3079,55657,213,203582
2019,R:2,TAFT AVE.,39103,10491,9458,4584,3382,729,1,30948,1369,100065
2019,R:3,SSH,72648,244,570,5728,763,7603,2716,40082,80,130434
2019,R:4,SHAW BLVD.,50205,5508,3180,3399,99,1362,91,41082,20,104946
2019,R:5,ORTIGAS AVE.,70603,11167,8351,2790,1790,3986,418,81171,461,180737
2019,R:6,MAGSAYSAY BLVD.,56398,6522,108,5444,941,4340,938,43178,1951,119820
2019,R:6,AURORA BLVD.,39342,13873,6476,6717,463,1801,19,51539,155,120385
2019,R:7,QUEZON AVE.,123395,12212,7879,15371,1223,5278,403,63892,446,230099
2019,R:7,COMMONWEALTH AVE.,151705,19985,11034,17245,4235,6336,470,105654,807,317471
2019,R:8,A. BONIFACIO,38149,3338,197,847,1452,8551,2396,18028,328,73286
2019,R:9,RIZAL AVE.,35836,10263,76,2602,474,3357,56,41086,1291,95041
2019,R:10,DEL PAN,27652,1309,163,2391,48,4791,6173,39519,2233,84279
2019,,MARCOS HIGHWAY,106031,14727,3272,8380,257,6199,441,81732,321,221360
2019,,MCARTHUR HIGHWAY,36050,8705,16,3974,2077,2533,348,44030,194,97927
2019,TOTAL,,1526667,135417,72168,129720,31620,86976,21553,1065807,18052,3087980
2020,C:1,RECTO,28622,4762,5,5395,814,655,0,51636,2733,94622
2020,C:2,MENDOZA,36698,544,44,2152,251,3115,885,24296,2490,70475
2020,C:2,PRES. QUIRINO AVE.,30541,176,150,2636,430,1839,769,17680,1195,55416
2020,C:3,ARANETA AVE.,35696,762,23,3867,21,3546,661,38154,2237,84967
2020,C:4,EDSA,193788,225,1423,19316,3645,2136,68,107509,4,328114
2020,C:5,C.P. GARCIA / KATIPUNAN / TANDANG SORA,100846,316,436,6941,347,10996,725,71797,14,192418
2020,R:1,ROXAS BLVD.,105863,105,1053,8769,851,1158,2501,70184,142,190626
2020,R:2,TAFT AVE.,38695,13043,12625,5888,3881,653,1,34297,1833,110916
2020,R:3,SSH,69900,0,45,5842,175,9653,2878,54174,88,142755
2020,R:4,SHAW BLVD.,46235,737,51,6217,732,1790,41,47331,475,103609
2020,R:5,ORTIGAS AVE.,80679,2425,2611,4149,3796,4730,614,73070,416,172490
2020,R:6,MAGSAYSAY BLVD.,48380,10,11,6868,825,2755,349,50399,1943,111540
2020,R:6,AURORA BLVD.,40912,12027,6726,5712,508,2001,14,45195,101,113196
2020,R:7,QUEZON AVE.,126286,6676,12049,14828,1428,4311,203,71923,55,237759
2020,R:7,COMMONWEALTH AVE.,148343,168,295,13643,7688,6318,265,105325,92,282137
2020,R:8,A. BONIFACIO,41356,1660,34,1839,175,8449,1414,25152,923,81002
2020,R:9,RIZAL AVE.,30080,9986,101,2204,449,2938,109,40721,956,87544
2020,R:10,DEL PAN,45911,688,28,2304,254,6281,7342,42621,2166,107595
2020,,MARCOS HIGHWAY,102714,12666,3313,7762,454,5125,225,90421,453,223133
2020,,MCARTHUR HIGHWAY,33129,8300,41,3720,2244,3923,183,59340,190,111070
2020,TOTAL,,1384674,75276,41064,130052,28968,82372,19247,1121225,18506,2901384
2021,C:1,RECTO,27447,3980,12,4844,431,924,80,45082,1660,84460
2021,C:2,MENDOZA,37472,3384,9,3575,68,8186,1897,54136,662,109389
2021,C:2,PRES QUIRINO AVE.,30942,94,10,2789,56,3397,754,33872,668,72582
2021,C:3,ARANETA AVE.,58726,0,9,2361,1,2200,447,36033,488,100265
2021,C:4,EDSA,199402,1638,2604,19287,5527,2188,45,141564,16,372271
2021,C:5,C.P. GARCIA / KATIPUNAN / TANDANG SORA,99316,289,2121,4685,340,10535,1281,93681,37,212285
2021,R:1,ROXAS BLVD.,95063,9366,1988,11734,1575,3076,1849,81895,2793,209339
2021,R:2,TAFT AVE.,43676,8552,4400,5970,1865,1022,7,45416,3807,114715
2021,R:3,SSH,96111,187,80,5740,367,6664,2093,75867,80,187189
2021,R:4,SHAW BLVD.,48612,1127,757,7958,325,798,101,45517,10,105205
2021,R:5,ORTIGAS AVE.,73145,6866,3619,3176,3177,4571,486,90210,449,185699
2021,R:6,MAGSAYSAY BLVD.,57031,5043,43,7255,391,2138,380,66360,1292,139933
2021,R:6,AURORA BLVD.,36367,7424,1458,4200,1005,1922,20,48318,98,100812
2021,R:7,QUEZON AVE.,120383,2094,2813,13139,1111,4493,287,117718,90,262128
2021,R:7,COMMONWEALTH AVE.,135153,1740,4879,14663,5879,5914,366,133591,131,302316
2021,R:8,A. BONIFACIO,27772,3247,53,1101,550,8334,1162,29066,1222,72507
2021,R:9,RIZAL AVE.,33217,6683,28,3494,543,2788,0,59406,747,106906
2021,R:10,DEL PAN,39187,630,38,2391,147,6043,6506,44121,3753,102816
2021,,MARCOS HIGHWAY,109691,7682,882,7659,480,6687,522,99611,252,233466
2021,,MCARTHUR HIGHWAY,30529,3740,2,4834,855,2858,194,80178,200,123390
2021,TOTAL,,1399242,73766,25805,130855,24693,84738,18477,1421642,18455,3197673
2022,C:1,RECTO,27587,6749,756,3554,90,651,169,44687,1854,86097
2022,C:2,MENDOZA,83148,523,243,5384,155,3786,12,80092,1900,175243
2022,C:2,PRES. QUIRINO AVE.,68697,6,81,3963,209,3198,53,70437,973,147617
2022,C:3,ARANETA AVE.,59994,14,16,2758,26,2639,507,44877,1475,112306
2022,C:4,EDSA,202764,1803,2475,18186,5588,2295,119,151847,20,385096
2022,C:5,C.P. GARCIA / KATIPUNAN / TANDANG SORA,93513,405,2668,4123,789,8993,1151,100133,44,211819
2022,R:1,ROXAS BLVD.,90400,68,2461,9018,595,1077,2050,80120,290,186079
2022,R:2,TAFT AVE.,73942,14622,7648,4923,1174,1647,164,83705,6639,194464
2022,R:3,SSH,146455,4413,246,7920,4893,6870,3497,86204,51,260549
2022,R:4,SHAW BLVD.,47568,2545,1412,5385,48,1041,98,52739,21,110857
2022,R:5,ORTIGAS AVE.,66372,24357,4454,3505,901,3988,549,75422,113,179661
2022,R:6,MAGSAYSAY BLVD.,47686,6144,917,5434,152,1644,272,64643,1612,128504
2022,R:6,AURORA BLVD.,43305,7954,2121,5600,522,1988,42,57926,167,119625
2022,R:7,QUEZON AVE.,130465,2806,2963,13003,853,4088,314,125966,149,280606
2022,R:7,COMMONWEALTH AVE.,153029,5520,4223,16026,4614,7336,439,154369,628,346184
2022,R:8,A. BONIFACIO,38715,3202,72,1319,1593,7880,1458,30308,265,84812
2022,R:9,RIZAL AVE.,29917,7154,28,2825,26,2531,15,54799,1813,99108
2022,R:10,DEL PAN,34415,656,43,1950,163,6051,8610,43733,2481,98102
2022,,MARCOS HIGHWAY,100373,7861,805,6473,542,4853,343,106963,257,228470
2022,,MCARTHUR HIGHWAY,24724,4074,8,3659,479,2386,169,64759,298,100556
2022,TOTAL,,1563069,100876,33639,125008,23412,74942,20030,1573729,21050,3535755
2023,C:1,RECTO,24747,7269,727,1678,593,666,115,49406,2190,87391
2023,C:2,MENDOZA,57755,11,81,3102,240,6706,1218,74200,1922,145235
2023,C:2,PRES. QUIRINO AVE.,73167,727,64,3837,364,7606,1251,88445,2420,177881
2023,C:3,ARANETA AVE.,72782,45,15,2418,248,3329,425,51266,1694,132222
2023,C:4,EDSA,216934,1740,2504,15001,3824,2533,110,164673,23,407342
2023,C:5,C.P. GARCIA / KATIPUNAN / TANDANG SORA,127042,617,64,2674,426,9654,702,89534,7982,238695
2023,R:1,ROXAS BLVD.,79313,9888,2986,11812,1625,2255,1074,80690,541,190184
2023,R:2,TAFT AVE.,47624,9487,6162,5278,2094,1350,510,55395,6421,134321
2023,R:3,SSH,87963,224,84,4644,952,7480,2644,72806,107,176904
2023,R:4,SHAW BLVD.,54622,1967,1323,4574,19,1314,62,63193,21,127095
2023,R:5,ORTIGAS AVE.,63651,1598,181,3697,545,1289,248,75383,5,146597
2023,R:6,MAGSAYSAY BLVD.,52884,7959,738,3608,723,2011,380,67689,1924,137916
2023,R:6,AURORA BLVD.,45357,5677,1526,3601,629,2307,24,62531,276,121928
2023,R:7,QUEZON AVE.,139665,3697,5235,12801,1305,5101,215,144297,170,312486
2023,R:7,COMMONWEALTH AVE.,171866,14556,5853,13162,4088,6907,391,189594,1571,407988
2023,R:8,A. BONIFACIO,44888,3638,95,1554,2209,9790,1341,42042,377,105934
2023,R:9,RIZAL AVE.,31643,8454,39,2783,289,2468,7,67376,1615,114674
2023,R:10,DEL PAN,32034,459,25,1586,62,5515,9212,52253,3469,104615
2023,,MARCOS HIGHWAY,110378,11185,636,4749,440,6604,481,108876,287,243636
2023,,MCARTHUR HIGHWAY,32007,6461,7,3664,432,2884,355,74997,382,121189
2023,TOTAL,,1566322,95659,28345,106223,21107,87769,20765,1674646,33397,3634233
2024,C:1,RECTO,30708,9815,823,2884,461,743,94,59551,4650,109729
2024,C:2,MENDOZA,54571,35,130,2303,244,7231,847,79105,1745,146211
2024,C:2,PRES. QUIRINO AVE.,74152,763,122,3172,403,10020,1521,102419,2566,195138
2024,C:3,ARANETA AVE.,79018,6,12,1918,614,2718,331,51378,856,136851
2024,C:4,EDSA,210980,1006,2299,10852,3019,2655,50,189078,13,419952
2024,C:5,C.P. GARCIA / KATIPUNAN / TANDANG SORA,107706,407,2690,3365,1011,8682,901,125970,30,250762
2024,R:1,ROXAS BLVD.,82145,7860,3683,9689,990,2960,2091,92927,475,202820
2024,R:2,TAFT AVE.,39415,8549,6764,4929,3058,943,5,51620,3836,119119
2024,R:3,SSH,85574,358,161,3533,1144,8230,2645,91901,95,193641
2024,R:4,SHAW BLVD.,52610,3017,1305,2810,43,1413,147,83482,9,144836
2024,R:5,ORTIGAS AVE.,65431,27533,3695,2645,634,4224,534,83909,160,188765
2024,R:6,MAGSAYSAY BLVD.,50465,7062,647,2722,704,4027,1021,91293,2021,159962
2024,R:6,AURORA BLVD.,46695,8348,2325,3318,786,1966,66,67440,219,131163
2024,R:7,QUEZON AVE.,127876,5196,4782,9900,1593,3932,94,145218,89,298680
2024,R:7,COMMONWEALTH AVE.,177912,16454,4820,11093,3184,7075,190,191104,1513,413345
2024,R:8,A. BONIFACIO,38870,3914,149,1798,1812,8749,882,50020,807,107001
2024,R:9,RIZAL AVE.,25190,7971,14,1644,390,2069,17,49605,1575,88475
2024,R:10,DEL PAN,34103,692,53,1614,97,5829,6685,63352,3900,116325
2024,,MARCOS HIGHWAY,111797,10251,552,3826,506,6946,673,131868,191,266610
2024,,MCARTHUR HIGHWAY,30890,6255,12,3198,414,2989,317,81624,310,126009
2024,TOTAL,,1526108,125492,35038,87213,21107,93401,19111,1882864,25060,3815394
2025,C:1,RECTO,27221,8678,10,1786,63,666,0,67915,9814,116153
2025,C:2,MENDOZA,37704,23,5,1694,268,2813,560,53763,2145,98975
2025,C:2,PRES. QUIRINO AVE.,79264,447,175,2659,180,8938,1418,104382,2694,200135
2025,C:3,ARANETA AVE.,77554,3,2,1324,696,2567,409,53046,1368,136969
2025,C:4,EDSA,214080,743,1891,7303,2946,2494,32,192233,6,421728
2025,C:5,C.P. GARCIA / KATIPUNAN / TANDANG SORA,99057,2139,866,2997,1280,10093,861,108570,22,225885
2025,R:1,ROXAS BLVD.,90773,6,2451,4310,1047,1675,4539,98196,271,203268
2025,R:2,TAFT AVE.,54076,11302,6112,3950,3083,1731,6,67068,7686,155014
2025,R:3,SSH,147079,4071,229,2901,4621,9730,2996,97366,31,289024
2025,R:4,SHAW BLVD.,58710,3397,1077,1976,21,1142,126,84667,10,149126
2025,R:5,ORTIGAS AVE.,72059,7640,3192,2537,493,3086,535,118162,1104,208808
2025,R:6,MAGSAYSAY BLVD.,52387,8017,918,2678,754,4946,1389,88943,1769,161801
2025,R:6,AURORA BLVD.,54147,7910,1796,2217,699,1986,75,78429,152,147411
2025,R:7,QUEZON AVE.,110175,4097,3789,6916,1937,3074,193,126653,42,256876
2025,R:7,COMMONWEALTH AVE.,172446,15948,4672,10752,3086,6857,184,185232,1457,400644
2025,R:8,A. BONIFACIO,55797,3985,193,2057,2359,7604,1272,60510,872,134649
2025,R:9,RIZAL AVE.,30550,9138,27,1709,452,2582,9,71347,2108,117922
2025,R:10,DEL PAN,36134,556,69,1050,64,6645,9708,59792,2993,117011
2025,,MARCOS HIGHWAY,119868,8177,488,3196,398,5441,560,144970,325,283423
2025,,MCARTHUR HIGHWAY,31233,5541,9,2245,299,3980,483,90272,753,134815
2025,TOTAL,,1618314,101818,27971,66267,24746,88050,26353,1951496,35632,3939637
